<metadata xml:lang="es"><Esri><CreaDate>20161004</CreaDate><CreaTime>22002600</CreaTime><ArcGISFormat>1.0</ArcGISFormat><ArcGISstyle>Item Description</ArcGISstyle><SyncOnce>FALSE</SyncOnce><DataProperties><lineage><Process ToolSource="c:\program files (x86)\arcgis\desktop10.1\ArcToolbox\Toolboxes\Data Management Tools.tbx\TruncateTable" Date="20160331" Time="110810">TruncateTable "D:\Contenedor PINZON\Trabajo\2016\01 MR\MR_V.03.16\04 Base de Datos\MR_0316.gdb\Area_Catastral\Manz"</Process><Process ToolSource="c:\program files (x86)\arcgis\desktop10.1\ArcToolbox\Toolboxes\Data Management Tools.tbx\TruncateTable" Date="20160712" Time="094018">TruncateTable "D:\Contenedor PINZON\Trabajo\2016\01 MR\MR_V.06.16\06 base de datos\MR_0616.gdb\Area_Catastral\Manz"</Process><Process ToolSource="c:\arcgis\desktop10.4\ArcToolbox\Toolboxes\Data Management Tools.tbx\TruncateTable" Date="20170221" Time="144746">TruncateTable C:\Users\catastro\Documents\conexion\AZURE@ORDENAMIENTOTERRITORIAL.sde\ORDENAMIENTOTERRITORIAL.Catastro\ORDENAMIENTOTERRITORIAL.Catastro_Manz</Process><Process ToolSource="c:\arcgis\desktop10.4\ArcToolbox\Toolboxes\Data Management Tools.tbx\Append" Date="20170221" Time="144920">Append C:\Users\catastro\Downloads\MR_1216_3857\MR_1216_3857.gdb\Area_Catastral_wgs84\Manz_1 C:\Users\catastro\Documents\conexion\AZURE@ORDENAMIENTOTERRITORIAL.sde\ORDENAMIENTOTERRITORIAL.Catastro\ORDENAMIENTOTERRITORIAL.Catastro_Manz NO_TEST "MANCODIGO "Identificador unico de la manzana" true true false 9 Text 0 0 ,First,#,C:\Users\catastro\Downloads\MR_1216_3857\MR_1216_3857.gdb\Area_Catastral_wgs84\Manz_1,ManCodigo,-1,-1;SECCODIGO "Codigo Sector" true true false 6 Text 0 0 ,First,#,C:\Users\catastro\Downloads\MR_1216_3857\MR_1216_3857.gdb\Area_Catastral_wgs84\Manz_1,SecCodigo,-1,-1;SHAPE.AREA "SHAPE.AREA" false false true 0 Double 0 0 ,First,#;SHAPE.LEN "SHAPE.LEN" false false true 0 Double 0 0 ,First,#" #</Process><Process Name="Truncate Table" ToolSource="c:\arcgis\desktop10.4\ArcToolbox\Toolboxes\Data Management Tools.tbx\TruncateTable" Date="20170412" Time="124124">TruncateTable C:\Users\catastro\Documents\conexion\AZURE@ORDENAMIENTOTERRITORIAL.sde\ORDENAMIENTOTERRITORIAL.Catastro\ORDENAMIENTOTERRITORIAL.Catastro_Manz</Process><Process Name="Append" ToolSource="c:\arcgis\desktop10.4\ArcToolbox\Toolboxes\Data Management Tools.tbx\Append" Date="20170412" Time="124230">Append C:\Users\catastro\Documents\IDECA\MR_0317_4326\MR_0317_4326.gdb\Area_Catastral\Manz C:\Users\catastro\Documents\conexion\AZURE@ORDENAMIENTOTERRITORIAL.sde\ORDENAMIENTOTERRITORIAL.Catastro\ORDENAMIENTOTERRITORIAL.Catastro_Manz TEST # #</Process><Process Name="Truncate Table" ToolSource="c:\program files (x86)\arcgis\desktop10.4\ArcToolbox\Toolboxes\Data Management Tools.tbx\TruncateTable" Date="20170714" Time="110610">TruncateTable D:\dagonzalez\08_BDG\CONEXIONES_BDG\Azure\AZURE@ORDENAMIENTOTERRITORIAL.sde\ORDENAMIENTOTERRITORIAL.Catastro\ORDENAMIENTOTERRITORIAL.Catastro_Manz</Process><Process Name="Append" ToolSource="c:\program files (x86)\arcgis\desktop10.4\ArcToolbox\Toolboxes\Data Management Tools.tbx\Append" Date="20170714" Time="120252">Append D:\dagonzalez\02_MapaBase\Plantilla_MR06.17-v13\MR_0617_4326.gdb\Area_Catastral\Manz D:\dagonzalez\08_BDG\CONEXIONES_BDG\Azure\AZURE@ORDENAMIENTOTERRITORIAL.sde\ORDENAMIENTOTERRITORIAL.Catastro\ORDENAMIENTOTERRITORIAL.Catastro_Manz TEST # #</Process><Process Name="Truncate Table" ToolSource="c:\program files (x86)\arcgis\desktop10.4\ArcToolbox\Toolboxes\Data Management Tools.tbx\TruncateTable" Date="20171025" Time="132645">TruncateTable C:\Users\catastro\Documents\conexion\AZURE@ORDENAMIENTOTERRITORIAL.sde\ORDENAMIENTOTERRITORIAL.Catastro\ORDENAMIENTOTERRITORIAL.Catastro_Manz</Process><Process Name="Append" ToolSource="c:\program files (x86)\arcgis\desktop10.4\ArcToolbox\Toolboxes\Data Management Tools.tbx\Append" Date="20171025" Time="132820">Append C:\Users\catastro\Documents\IDECA\MR_0917_4326\MR_0917_4326.gdb\Area_Catastral\Manz C:\Users\catastro\Documents\conexion\AZURE@ORDENAMIENTOTERRITORIAL.sde\ORDENAMIENTOTERRITORIAL.Catastro\ORDENAMIENTOTERRITORIAL.Catastro_Manz TEST # #</Process><Process Name="Truncate Table" ToolSource="c:\program files (x86)\arcgis\desktop10.4\ArcToolbox\Toolboxes\Data Management Tools.tbx\TruncateTable" Date="20180130" Time="134056">TruncateTable C:\Users\catastro\Documents\conexion\AZURE@ORDENAMIENTOTERRITORIAL.sde\ORDENAMIENTOTERRITORIAL.Catastro\ORDENAMIENTOTERRITORIAL.Catastro_Manz</Process><Process Name="Append" ToolSource="c:\program files (x86)\arcgis\desktop10.4\ArcToolbox\Toolboxes\Data Management Tools.tbx\Append" Date="20180130" Time="134220">Append C:\Users\catastro\Documents\IDECA\MR_1217_4326.gdb\Area_Catastral\Manz C:\Users\catastro\Documents\conexion\AZURE@ORDENAMIENTOTERRITORIAL.sde\ORDENAMIENTOTERRITORIAL.Catastro\ORDENAMIENTOTERRITORIAL.Catastro_Manz TEST # #</Process><Process Name="Truncate Table" ToolSource="c:\program files (x86)\arcgis\desktop10.4\ArcToolbox\Toolboxes\Data Management Tools.tbx\TruncateTable" Date="20180418" Time="115616">TruncateTable C:\Users\catastro\Documents\conexion\AZURE@ORDENAMIENTOTERRITORIAL.sde\ORDENAMIENTOTERRITORIAL.Catastro\ORDENAMIENTOTERRITORIAL.Catastro_Manz</Process><Process Name="Append" ToolSource="c:\program files (x86)\arcgis\desktop10.4\ArcToolbox\Toolboxes\Data Management Tools.tbx\Append" Date="20180418" Time="115803">Append C:\Users\catastro\Documents\IDECA\MR_4326.gdb\Area_Catastral\Manz C:\Users\catastro\Documents\conexion\AZURE@ORDENAMIENTOTERRITORIAL.sde\ORDENAMIENTOTERRITORIAL.Catastro\ORDENAMIENTOTERRITORIAL.Catastro_Manz TEST # #</Process><Process ToolSource="c:\program files (x86)\arcgis\desktop10.5\ArcToolbox\Toolboxes\Data Management Tools.tbx\TruncateTable" Date="20180730" Time="130836">TruncateTable C:\Users\catastro\Documents\conexion\AZURE@ORDENAMIENTOTERRITORIAL.sde\ORDENAMIENTOTERRITORIAL.Catastro\ORDENAMIENTOTERRITORIAL.Catastro_Manz</Process><Process ToolSource="c:\program files (x86)\arcgis\desktop10.5\ArcToolbox\Toolboxes\Data Management Tools.tbx\Append" Date="20180730" Time="131559">Append C:\Users\catastro\Documents\IDECA\MR_0618_4326.gdb\Area_Catastral\Manz C:\Users\catastro\Documents\conexion\AZURE@ORDENAMIENTOTERRITORIAL.sde\ORDENAMIENTOTERRITORIAL.Catastro\ORDENAMIENTOTERRITORIAL.Catastro_Manz TEST # #</Process><Process Name="Append" ToolSource="c:\program files (x86)\arcgis\desktop10.5\ArcToolbox\Toolboxes\Data Management Tools.tbx\Append" Date="20181019" Time="112236">Append C:\Users\catastro\Documents\IDECA\MR_4326.gdb\Area_Catastral\Manz C:\Users\catastro\Documents\conexion\AZURE@ORDENAMIENTOTERRITORIAL.sde\ORDENAMIENTOTERRITORIAL.Catastro\ORDENAMIENTOTERRITORIAL.Catastro_Manz TEST # #</Process><Process Name="Truncate Table" ToolSource="c:\program files (x86)\arcgis\desktop10.5\ArcToolbox\Toolboxes\Data Management Tools.tbx\TruncateTable" Date="20190207" Time="152518">TruncateTable "Database Connections\AZURE@ORDENAMIENTOTERRITORIAL.sde\ORDENAMIENTOTERRITORIAL.Catastro\ORDENAMIENTOTERRITORIAL.Catastro_Manz"</Process><Process Name="Append" ToolSource="c:\program files (x86)\arcgis\desktop10.5\ArcToolbox\Toolboxes\Data Management Tools.tbx\Append" Date="20190207" Time="153304">Append C:\Users\Ideca\Documents\mr_4326.gdb\Area_Catastral\Manz "Database Connections\AZURE@ORDENAMIENTOTERRITORIAL.sde\ORDENAMIENTOTERRITORIAL.Catastro\ORDENAMIENTOTERRITORIAL.Catastro_Manz" TEST # #</Process><Process ToolSource="c:\program files (x86)\arcgis\desktop10.5\ArcToolbox\Toolboxes\Data Management Tools.tbx\DeleteFeatures" Date="20190502" Time="153804">DeleteFeatures "Database Connections\AZURE@dagonzalez.sde\ORDENAMIENTOTERRITORIAL.Catastro\ORDENAMIENTOTERRITORIAL.Catastro_Manz"</Process><Process ToolSource="c:\program files (x86)\arcgis\desktop10.5\ArcToolbox\Toolboxes\Data Management Tools.tbx\Append" Date="20190502" Time="175940">Append C:\Users\Ideca\Documents\datos\MR_4326.gdb\Area_Catastral\Manz "Database Connections\AZURE@dagonzalez.sde\ORDENAMIENTOTERRITORIAL.Catastro\ORDENAMIENTOTERRITORIAL.Catastro_Manz" TEST # #</Process><Process ToolSource="c:\program files\arcgis\server\ArcToolbox\Toolboxes\Data Management Tools.tbx\TruncateTable" Date="20190729" Time="154343">TruncateTable E:\CargueInformacion\MapasPro.sde\ORDENAMIENTOTERRITORIAL.Catastro\ORDENAMIENTOTERRITORIAL.Catastro_Manz</Process><Process ToolSource="c:\program files\arcgis\server\ArcToolbox\Toolboxes\Data Management Tools.tbx\Append" Date="20190729" Time="154746">Append E:\CargueInformacion\scratch.gdb\ManzproW E:\CargueInformacion\MapasPro.sde\ORDENAMIENTOTERRITORIAL.Catastro\ORDENAMIENTOTERRITORIAL.Catastro_Manz NO_TEST "MANCODIGO "Identificador unico de la manzana" true true false 9 Text 0 0 ,First,#,E:\CargueInformacion\MapasPro.sde\ORDENAMIENTOTERRITORIAL.Catastro\ORDENAMIENTOTERRITORIAL.Catastro_Manz,MANCODIGO,-1,-1;SECCODIGO "Codigo Sector" true true false 6 Text 0 0 ,First,#,E:\CargueInformacion\MapasPro.sde\ORDENAMIENTOTERRITORIAL.Catastro\ORDENAMIENTOTERRITORIAL.Catastro_Manz,SECCODIGO,-1,-1;SHAPE_AREA "SHAPE_AREA" false false true 0 Double 0 0 ,First,#,E:\CargueInformacion\MapasPro.sde\ORDENAMIENTOTERRITORIAL.Catastro\ORDENAMIENTOTERRITORIAL.Catastro_Manz,SHAPE.AREA,-1,-1;SHAPE_LEN "SHAPE_LEN" false false true 0 Double 0 0 ,First,#,E:\CargueInformacion\MapasPro.sde\ORDENAMIENTOTERRITORIAL.Catastro\ORDENAMIENTOTERRITORIAL.Catastro_Manz,SHAPE.LEN,-1,-1;MANCODIGO "Manzana_ID" true true false 9 Text 0 0 ,First,#,E:\CargueInformacion\scratch.gdb\ManzproW,MANMANZ_ID,-1,-1;SECCODIGO "Sector_ID" true true false 6 Text 0 0 ,First,#,E:\CargueInformacion\scratch.gdb\ManzproW,MANSECT_ID,-1,-1" #</Process><Process ToolSource="c:\program files\arcgis\server\ArcToolbox\Toolboxes\Data Management Tools.tbx\TruncateTable" Date="20190825" Time="180447">TruncateTable E:\CargueInformacion\MapasPro.sde\ORDENAMIENTOTERRITORIAL.Catastro\ORDENAMIENTOTERRITORIAL.Catastro_Manz</Process><Process ToolSource="c:\program files\arcgis\server\ArcToolbox\Toolboxes\Data Management Tools.tbx\Append" Date="20190825" Time="180916">Append E:\CargueInformacion\scratch.gdb\ManzproW E:\CargueInformacion\MapasPro.sde\ORDENAMIENTOTERRITORIAL.Catastro\ORDENAMIENTOTERRITORIAL.Catastro_Manz NO_TEST "MANCODIGO "Identificador unico de la manzana" true true false 9 Text 0 0 ,First,#,E:\CargueInformacion\MapasPro.sde\ORDENAMIENTOTERRITORIAL.Catastro\ORDENAMIENTOTERRITORIAL.Catastro_Manz,MANCODIGO,-1,-1;SECCODIGO "Codigo Sector" true true false 6 Text 0 0 ,First,#,E:\CargueInformacion\MapasPro.sde\ORDENAMIENTOTERRITORIAL.Catastro\ORDENAMIENTOTERRITORIAL.Catastro_Manz,SECCODIGO,-1,-1;SHAPE_AREA "SHAPE_AREA" false false true 0 Double 0 0 ,First,#,E:\CargueInformacion\MapasPro.sde\ORDENAMIENTOTERRITORIAL.Catastro\ORDENAMIENTOTERRITORIAL.Catastro_Manz,SHAPE.AREA,-1,-1;SHAPE_LEN "SHAPE_LEN" false false true 0 Double 0 0 ,First,#,E:\CargueInformacion\MapasPro.sde\ORDENAMIENTOTERRITORIAL.Catastro\ORDENAMIENTOTERRITORIAL.Catastro_Manz,SHAPE.LEN,-1,-1;MANCODIGO "Manzana_ID" true true false 9 Text 0 0 ,First,#,E:\CargueInformacion\scratch.gdb\ManzproW,MANMANZ_ID,-1,-1;SECCODIGO "Sector_ID" true true false 6 Text 0 0 ,First,#,E:\CargueInformacion\scratch.gdb\ManzproW,MANSECT_ID,-1,-1" #</Process><Process ToolSource="c:\program files\arcgis\server\ArcToolbox\Toolboxes\Data Management Tools.tbx\TruncateTable" Date="20190929" Time="180414">TruncateTable E:\CargueInformacion\MapasPro.sde\ORDENAMIENTOTERRITORIAL.Catastro\ORDENAMIENTOTERRITORIAL.Catastro_Manz</Process><Process ToolSource="c:\program files\arcgis\server\ArcToolbox\Toolboxes\Data Management Tools.tbx\Append" Date="20190929" Time="180820">Append E:\CargueInformacion\scratch.gdb\ManzproW E:\CargueInformacion\MapasPro.sde\ORDENAMIENTOTERRITORIAL.Catastro\ORDENAMIENTOTERRITORIAL.Catastro_Manz NO_TEST "MANCODIGO "Identificador unico de la manzana" true true false 9 Text 0 0 ,First,#,E:\CargueInformacion\MapasPro.sde\ORDENAMIENTOTERRITORIAL.Catastro\ORDENAMIENTOTERRITORIAL.Catastro_Manz,MANCODIGO,-1,-1;SECCODIGO "Codigo Sector" true true false 6 Text 0 0 ,First,#,E:\CargueInformacion\MapasPro.sde\ORDENAMIENTOTERRITORIAL.Catastro\ORDENAMIENTOTERRITORIAL.Catastro_Manz,SECCODIGO,-1,-1;GLOBALID "GLOBALID" false false false 38 GlobalID 0 0 ,First,#,E:\CargueInformacion\MapasPro.sde\ORDENAMIENTOTERRITORIAL.Catastro\ORDENAMIENTOTERRITORIAL.Catastro_Manz,GLOBALID,-1,-1;SHAPE_AREA "SHAPE_AREA" false false true 0 Double 0 0 ,First,#,E:\CargueInformacion\MapasPro.sde\ORDENAMIENTOTERRITORIAL.Catastro\ORDENAMIENTOTERRITORIAL.Catastro_Manz,SHAPE.AREA,-1,-1;SHAPE_LEN "SHAPE_LEN" false false true 0 Double 0 0 ,First,#,E:\CargueInformacion\MapasPro.sde\ORDENAMIENTOTERRITORIAL.Catastro\ORDENAMIENTOTERRITORIAL.Catastro_Manz,SHAPE.LEN,-1,-1;MANCODIGO "Manzana_ID" true true false 9 Text 0 0 ,First,#,E:\CargueInformacion\scratch.gdb\ManzproW,MANMANZ_ID,-1,-1;SECCODIGO "Sector_ID" true true false 6 Text 0 0 ,First,#,E:\CargueInformacion\scratch.gdb\ManzproW,MANSECT_ID,-1,-1" #</Process><Process ToolSource="c:\program files\arcgis\server\ArcToolbox\Toolboxes\Data Management Tools.tbx\TruncateTable" Date="20191027" Time="180415">TruncateTable E:\CargueInformacion\MapasPro.sde\ORDENAMIENTOTERRITORIAL.Catastro\ORDENAMIENTOTERRITORIAL.Catastro_Manz</Process><Process ToolSource="c:\program files\arcgis\server\ArcToolbox\Toolboxes\Data Management Tools.tbx\Append" Date="20191027" Time="180758">Append E:\CargueInformacion\scratch.gdb\ManzproW E:\CargueInformacion\MapasPro.sde\ORDENAMIENTOTERRITORIAL.Catastro\ORDENAMIENTOTERRITORIAL.Catastro_Manz NO_TEST "MANCODIGO "Identificador unico de la manzana" true true false 9 Text 0 0 ,First,#,E:\CargueInformacion\MapasPro.sde\ORDENAMIENTOTERRITORIAL.Catastro\ORDENAMIENTOTERRITORIAL.Catastro_Manz,MANCODIGO,-1,-1;SECCODIGO "Codigo Sector" true true false 6 Text 0 0 ,First,#,E:\CargueInformacion\MapasPro.sde\ORDENAMIENTOTERRITORIAL.Catastro\ORDENAMIENTOTERRITORIAL.Catastro_Manz,SECCODIGO,-1,-1;GLOBALID "GLOBALID" false false false 38 GlobalID 0 0 ,First,#,E:\CargueInformacion\MapasPro.sde\ORDENAMIENTOTERRITORIAL.Catastro\ORDENAMIENTOTERRITORIAL.Catastro_Manz,GLOBALID,-1,-1;SHAPE_AREA "SHAPE_AREA" false false true 0 Double 0 0 ,First,#,E:\CargueInformacion\MapasPro.sde\ORDENAMIENTOTERRITORIAL.Catastro\ORDENAMIENTOTERRITORIAL.Catastro_Manz,SHAPE.AREA,-1,-1;SHAPE_LEN "SHAPE_LEN" false false true 0 Double 0 0 ,First,#,E:\CargueInformacion\MapasPro.sde\ORDENAMIENTOTERRITORIAL.Catastro\ORDENAMIENTOTERRITORIAL.Catastro_Manz,SHAPE.LEN,-1,-1;MANCODIGO "Manzana_ID" true true false 9 Text 0 0 ,First,#,E:\CargueInformacion\scratch.gdb\ManzproW,MANMANZ_ID,-1,-1;SECCODIGO "Sector_ID" true true false 6 Text 0 0 ,First,#,E:\CargueInformacion\scratch.gdb\ManzproW,MANSECT_ID,-1,-1" #</Process><Process ToolSource="c:\program files\arcgis\server\ArcToolbox\Toolboxes\Data Management Tools.tbx\TruncateTable" Date="20191124" Time="180437">TruncateTable E:\CargueInformacion\MapasPro.sde\ORDENAMIENTOTERRITORIAL.Catastro\ORDENAMIENTOTERRITORIAL.Catastro_Manz</Process><Process ToolSource="c:\program files\arcgis\server\ArcToolbox\Toolboxes\Data Management Tools.tbx\Append" Date="20191124" Time="180908">Append E:\CargueInformacion\scratch.gdb\ManzproW E:\CargueInformacion\MapasPro.sde\ORDENAMIENTOTERRITORIAL.Catastro\ORDENAMIENTOTERRITORIAL.Catastro_Manz NO_TEST "MANCODIGO "Identificador unico de la manzana" true true false 9 Text 0 0 ,First,#,E:\CargueInformacion\MapasPro.sde\ORDENAMIENTOTERRITORIAL.Catastro\ORDENAMIENTOTERRITORIAL.Catastro_Manz,MANCODIGO,-1,-1;SECCODIGO "Codigo Sector" true true false 6 Text 0 0 ,First,#,E:\CargueInformacion\MapasPro.sde\ORDENAMIENTOTERRITORIAL.Catastro\ORDENAMIENTOTERRITORIAL.Catastro_Manz,SECCODIGO,-1,-1;GLOBALID "GLOBALID" false false false 38 GlobalID 0 0 ,First,#,E:\CargueInformacion\MapasPro.sde\ORDENAMIENTOTERRITORIAL.Catastro\ORDENAMIENTOTERRITORIAL.Catastro_Manz,GLOBALID,-1,-1;SHAPE_AREA "SHAPE_AREA" false false true 0 Double 0 0 ,First,#,E:\CargueInformacion\MapasPro.sde\ORDENAMIENTOTERRITORIAL.Catastro\ORDENAMIENTOTERRITORIAL.Catastro_Manz,SHAPE.AREA,-1,-1;SHAPE_LEN "SHAPE_LEN" false false true 0 Double 0 0 ,First,#,E:\CargueInformacion\MapasPro.sde\ORDENAMIENTOTERRITORIAL.Catastro\ORDENAMIENTOTERRITORIAL.Catastro_Manz,SHAPE.LEN,-1,-1;MANCODIGO "Manzana_ID" true true false 9 Text 0 0 ,First,#,E:\CargueInformacion\scratch.gdb\ManzproW,MANMANZ_ID,-1,-1;SECCODIGO "Sector_ID" true true false 6 Text 0 0 ,First,#,E:\CargueInformacion\scratch.gdb\ManzproW,MANSECT_ID,-1,-1" #</Process><Process ToolSource="c:\program files\arcgis\server\ArcToolbox\Toolboxes\Data Management Tools.tbx\TruncateTable" Date="20200223" Time="180433">TruncateTable E:\CargueInformacion\MapasPro.sde\ORDENAMIENTOTERRITORIAL.Catastro\ORDENAMIENTOTERRITORIAL.Catastro_Manz</Process><Process ToolSource="c:\program files\arcgis\server\ArcToolbox\Toolboxes\Data Management Tools.tbx\Append" Date="20200223" Time="180818">Append E:\CargueInformacion\scratch.gdb\ManzproW E:\CargueInformacion\MapasPro.sde\ORDENAMIENTOTERRITORIAL.Catastro\ORDENAMIENTOTERRITORIAL.Catastro_Manz NO_TEST "MANCODIGO "Identificador unico de la manzana" true true false 9 Text 0 0 ,First,#,E:\CargueInformacion\MapasPro.sde\ORDENAMIENTOTERRITORIAL.Catastro\ORDENAMIENTOTERRITORIAL.Catastro_Manz,MANCODIGO,-1,-1;SECCODIGO "Codigo Sector" true true false 6 Text 0 0 ,First,#,E:\CargueInformacion\MapasPro.sde\ORDENAMIENTOTERRITORIAL.Catastro\ORDENAMIENTOTERRITORIAL.Catastro_Manz,SECCODIGO,-1,-1;GLOBALID "GLOBALID" false false false 38 GlobalID 0 0 ,First,#,E:\CargueInformacion\MapasPro.sde\ORDENAMIENTOTERRITORIAL.Catastro\ORDENAMIENTOTERRITORIAL.Catastro_Manz,GLOBALID,-1,-1;SHAPE_AREA "SHAPE_AREA" false false true 0 Double 0 0 ,First,#,E:\CargueInformacion\MapasPro.sde\ORDENAMIENTOTERRITORIAL.Catastro\ORDENAMIENTOTERRITORIAL.Catastro_Manz,SHAPE.AREA,-1,-1;SHAPE_LEN "SHAPE_LEN" false false true 0 Double 0 0 ,First,#,E:\CargueInformacion\MapasPro.sde\ORDENAMIENTOTERRITORIAL.Catastro\ORDENAMIENTOTERRITORIAL.Catastro_Manz,SHAPE.LEN,-1,-1;MANCODIGO "Manzana_ID" true true false 9 Text 0 0 ,First,#,E:\CargueInformacion\scratch.gdb\ManzproW,MANMANZ_ID,-1,-1;SECCODIGO "Sector_ID" true true false 6 Text 0 0 ,First,#,E:\CargueInformacion\scratch.gdb\ManzproW,MANSECT_ID,-1,-1" #</Process><Process ToolSource="c:\program files\arcgis\server\ArcToolbox\Toolboxes\Data Management Tools.tbx\TruncateTable" Date="20200329" Time="182903">TruncateTable E:\CargueInformacion\MapasPro.sde\ORDENAMIENTOTERRITORIAL.Catastro\ORDENAMIENTOTERRITORIAL.Catastro_Manz</Process><Process ToolSource="c:\program files\arcgis\server\ArcToolbox\Toolboxes\Data Management Tools.tbx\Append" Date="20200329" Time="183240">Append E:\CargueInformacion\scratch.gdb\ManzproW E:\CargueInformacion\MapasPro.sde\ORDENAMIENTOTERRITORIAL.Catastro\ORDENAMIENTOTERRITORIAL.Catastro_Manz NO_TEST "MANCODIGO "Identificador unico de la manzana" true true false 9 Text 0 0 ,First,#,E:\CargueInformacion\MapasPro.sde\ORDENAMIENTOTERRITORIAL.Catastro\ORDENAMIENTOTERRITORIAL.Catastro_Manz,MANCODIGO,-1,-1;SECCODIGO "Codigo Sector" true true false 6 Text 0 0 ,First,#,E:\CargueInformacion\MapasPro.sde\ORDENAMIENTOTERRITORIAL.Catastro\ORDENAMIENTOTERRITORIAL.Catastro_Manz,SECCODIGO,-1,-1;GLOBALID "GLOBALID" false false false 38 GlobalID 0 0 ,First,#,E:\CargueInformacion\MapasPro.sde\ORDENAMIENTOTERRITORIAL.Catastro\ORDENAMIENTOTERRITORIAL.Catastro_Manz,GLOBALID,-1,-1;SHAPE_AREA "SHAPE_AREA" false false true 0 Double 0 0 ,First,#,E:\CargueInformacion\MapasPro.sde\ORDENAMIENTOTERRITORIAL.Catastro\ORDENAMIENTOTERRITORIAL.Catastro_Manz,SHAPE.AREA,-1,-1;SHAPE_LEN "SHAPE_LEN" false false true 0 Double 0 0 ,First,#,E:\CargueInformacion\MapasPro.sde\ORDENAMIENTOTERRITORIAL.Catastro\ORDENAMIENTOTERRITORIAL.Catastro_Manz,SHAPE.LEN,-1,-1;MANCODIGO "Manzana_ID" true true false 9 Text 0 0 ,First,#,E:\CargueInformacion\scratch.gdb\ManzproW,MANMANZ_ID,-1,-1;SECCODIGO "Sector_ID" true true false 6 Text 0 0 ,First,#,E:\CargueInformacion\scratch.gdb\ManzproW,MANSECT_ID,-1,-1" #</Process><Process ToolSource="c:\program files\arcgis\server\ArcToolbox\Toolboxes\Data Management Tools.tbx\TruncateTable" Date="20200426" Time="180414">TruncateTable E:\CargueInformacion\MapasPro.sde\ORDENAMIENTOTERRITORIAL.Catastro\ORDENAMIENTOTERRITORIAL.Catastro_Manz</Process><Process ToolSource="c:\program files\arcgis\server\ArcToolbox\Toolboxes\Data Management Tools.tbx\Append" Date="20200426" Time="180742">Append E:\CargueInformacion\scratch.gdb\ManzproW E:\CargueInformacion\MapasPro.sde\ORDENAMIENTOTERRITORIAL.Catastro\ORDENAMIENTOTERRITORIAL.Catastro_Manz NO_TEST "MANCODIGO "Identificador unico de la manzana" true true false 9 Text 0 0 ,First,#,E:\CargueInformacion\MapasPro.sde\ORDENAMIENTOTERRITORIAL.Catastro\ORDENAMIENTOTERRITORIAL.Catastro_Manz,MANCODIGO,-1,-1;SECCODIGO "Codigo Sector" true true false 6 Text 0 0 ,First,#,E:\CargueInformacion\MapasPro.sde\ORDENAMIENTOTERRITORIAL.Catastro\ORDENAMIENTOTERRITORIAL.Catastro_Manz,SECCODIGO,-1,-1;GLOBALID "GLOBALID" false false false 38 GlobalID 0 0 ,First,#,E:\CargueInformacion\MapasPro.sde\ORDENAMIENTOTERRITORIAL.Catastro\ORDENAMIENTOTERRITORIAL.Catastro_Manz,GLOBALID,-1,-1;SHAPE_AREA "SHAPE_AREA" false false true 0 Double 0 0 ,First,#,E:\CargueInformacion\MapasPro.sde\ORDENAMIENTOTERRITORIAL.Catastro\ORDENAMIENTOTERRITORIAL.Catastro_Manz,SHAPE.AREA,-1,-1;SHAPE_LEN "SHAPE_LEN" false false true 0 Double 0 0 ,First,#,E:\CargueInformacion\MapasPro.sde\ORDENAMIENTOTERRITORIAL.Catastro\ORDENAMIENTOTERRITORIAL.Catastro_Manz,SHAPE.LEN,-1,-1;MANCODIGO "Manzana_ID" true true false 9 Text 0 0 ,First,#,E:\CargueInformacion\scratch.gdb\ManzproW,MANMANZ_ID,-1,-1;SECCODIGO "Sector_ID" true true false 6 Text 0 0 ,First,#,E:\CargueInformacion\scratch.gdb\ManzproW,MANSECT_ID,-1,-1" #</Process><Process ToolSource="c:\program files\arcgis\server\ArcToolbox\Toolboxes\Data Management Tools.tbx\TruncateTable" Date="20200601" Time="172327">TruncateTable E:\CargueInformacion\MapasPro.sde\ORDENAMIENTOTERRITORIAL.Catastro\ORDENAMIENTOTERRITORIAL.Catastro_Manz</Process><Process ToolSource="c:\program files\arcgis\server\ArcToolbox\Toolboxes\Data Management Tools.tbx\Append" Date="20200601" Time="172703">Append E:\CargueInformacion\scratch.gdb\ManzproW E:\CargueInformacion\MapasPro.sde\ORDENAMIENTOTERRITORIAL.Catastro\ORDENAMIENTOTERRITORIAL.Catastro_Manz NO_TEST "MANCODIGO "Identificador unico de la manzana" true true false 9 Text 0 0 ,First,#,E:\CargueInformacion\MapasPro.sde\ORDENAMIENTOTERRITORIAL.Catastro\ORDENAMIENTOTERRITORIAL.Catastro_Manz,MANCODIGO,-1,-1;SECCODIGO "Codigo Sector" true true false 6 Text 0 0 ,First,#,E:\CargueInformacion\MapasPro.sde\ORDENAMIENTOTERRITORIAL.Catastro\ORDENAMIENTOTERRITORIAL.Catastro_Manz,SECCODIGO,-1,-1;GLOBALID "GLOBALID" false false false 38 GlobalID 0 0 ,First,#,E:\CargueInformacion\MapasPro.sde\ORDENAMIENTOTERRITORIAL.Catastro\ORDENAMIENTOTERRITORIAL.Catastro_Manz,GLOBALID,-1,-1;SHAPE_AREA "SHAPE_AREA" false false true 0 Double 0 0 ,First,#,E:\CargueInformacion\MapasPro.sde\ORDENAMIENTOTERRITORIAL.Catastro\ORDENAMIENTOTERRITORIAL.Catastro_Manz,SHAPE.AREA,-1,-1;SHAPE_LEN "SHAPE_LEN" false false true 0 Double 0 0 ,First,#,E:\CargueInformacion\MapasPro.sde\ORDENAMIENTOTERRITORIAL.Catastro\ORDENAMIENTOTERRITORIAL.Catastro_Manz,SHAPE.LEN,-1,-1;MANCODIGO "Manzana_ID" true true false 9 Text 0 0 ,First,#,E:\CargueInformacion\scratch.gdb\ManzproW,MANMANZ_ID,-1,-1;SECCODIGO "Sector_ID" true true false 6 Text 0 0 ,First,#,E:\CargueInformacion\scratch.gdb\ManzproW,MANSECT_ID,-1,-1" #</Process><Process ToolSource="c:\program files\arcgis\server\ArcToolbox\Toolboxes\Data Management Tools.tbx\TruncateTable" Date="20200628" Time="180413">TruncateTable E:\CargueInformacion\MapasPro.sde\ORDENAMIENTOTERRITORIAL.Catastro\ORDENAMIENTOTERRITORIAL.Catastro_Manz</Process><Process ToolSource="c:\program files\arcgis\server\ArcToolbox\Toolboxes\Data Management Tools.tbx\Append" Date="20200628" Time="180751">Append E:\CargueInformacion\scratch.gdb\ManzproW E:\CargueInformacion\MapasPro.sde\ORDENAMIENTOTERRITORIAL.Catastro\ORDENAMIENTOTERRITORIAL.Catastro_Manz NO_TEST "MANCODIGO "Identificador unico de la manzana" true true false 9 Text 0 0 ,First,#,E:\CargueInformacion\MapasPro.sde\ORDENAMIENTOTERRITORIAL.Catastro\ORDENAMIENTOTERRITORIAL.Catastro_Manz,MANCODIGO,-1,-1;SECCODIGO "Codigo Sector" true true false 6 Text 0 0 ,First,#,E:\CargueInformacion\MapasPro.sde\ORDENAMIENTOTERRITORIAL.Catastro\ORDENAMIENTOTERRITORIAL.Catastro_Manz,SECCODIGO,-1,-1;GLOBALID "GLOBALID" false false false 38 GlobalID 0 0 ,First,#,E:\CargueInformacion\MapasPro.sde\ORDENAMIENTOTERRITORIAL.Catastro\ORDENAMIENTOTERRITORIAL.Catastro_Manz,GLOBALID,-1,-1;SHAPE_AREA "SHAPE_AREA" false false true 0 Double 0 0 ,First,#,E:\CargueInformacion\MapasPro.sde\ORDENAMIENTOTERRITORIAL.Catastro\ORDENAMIENTOTERRITORIAL.Catastro_Manz,SHAPE.AREA,-1,-1;SHAPE_LEN "SHAPE_LEN" false false true 0 Double 0 0 ,First,#,E:\CargueInformacion\MapasPro.sde\ORDENAMIENTOTERRITORIAL.Catastro\ORDENAMIENTOTERRITORIAL.Catastro_Manz,SHAPE.LEN,-1,-1;MANCODIGO "Manzana_ID" true true false 9 Text 0 0 ,First,#,E:\CargueInformacion\scratch.gdb\ManzproW,MANMANZ_ID,-1,-1;SECCODIGO "Sector_ID" true true false 6 Text 0 0 ,First,#,E:\CargueInformacion\scratch.gdb\ManzproW,MANSECT_ID,-1,-1" #</Process><Process ToolSource="c:\program files\arcgis\server\ArcToolbox\Toolboxes\Data Management Tools.tbx\TruncateTable" Date="20200726" Time="180857">TruncateTable E:\CargueInformacion\MapasPro.sde\ORDENAMIENTOTERRITORIAL.Catastro\ORDENAMIENTOTERRITORIAL.Catastro_Manz</Process><Process ToolSource="c:\program files\arcgis\server\ArcToolbox\Toolboxes\Data Management Tools.tbx\Append" Date="20200726" Time="181701">Append E:\CargueInformacion\scratch.gdb\ManzproW E:\CargueInformacion\MapasPro.sde\ORDENAMIENTOTERRITORIAL.Catastro\ORDENAMIENTOTERRITORIAL.Catastro_Manz NO_TEST "MANCODIGO "Identificador unico de la manzana" true true false 9 Text 0 0 ,First,#,E:\CargueInformacion\MapasPro.sde\ORDENAMIENTOTERRITORIAL.Catastro\ORDENAMIENTOTERRITORIAL.Catastro_Manz,MANCODIGO,-1,-1;SECCODIGO "Codigo Sector" true true false 6 Text 0 0 ,First,#,E:\CargueInformacion\MapasPro.sde\ORDENAMIENTOTERRITORIAL.Catastro\ORDENAMIENTOTERRITORIAL.Catastro_Manz,SECCODIGO,-1,-1;GLOBALID "GLOBALID" false false false 38 GlobalID 0 0 ,First,#,E:\CargueInformacion\MapasPro.sde\ORDENAMIENTOTERRITORIAL.Catastro\ORDENAMIENTOTERRITORIAL.Catastro_Manz,GLOBALID,-1,-1;SHAPE_AREA "SHAPE_AREA" false false true 0 Double 0 0 ,First,#,E:\CargueInformacion\MapasPro.sde\ORDENAMIENTOTERRITORIAL.Catastro\ORDENAMIENTOTERRITORIAL.Catastro_Manz,SHAPE.AREA,-1,-1;SHAPE_LEN "SHAPE_LEN" false false true 0 Double 0 0 ,First,#,E:\CargueInformacion\MapasPro.sde\ORDENAMIENTOTERRITORIAL.Catastro\ORDENAMIENTOTERRITORIAL.Catastro_Manz,SHAPE.LEN,-1,-1;MANCODIGO "Manzana_ID" true true false 9 Text 0 0 ,First,#,E:\CargueInformacion\scratch.gdb\ManzproW,MANMANZ_ID,-1,-1;SECCODIGO "Sector_ID" true true false 6 Text 0 0 ,First,#,E:\CargueInformacion\scratch.gdb\ManzproW,MANSECT_ID,-1,-1" #</Process><Process ToolSource="c:\program files\arcgis\server\ArcToolbox\Toolboxes\Data Management Tools.tbx\TruncateTable" Date="20200831" Time="183245">TruncateTable E:\CargueInformacion\MapasPro.sde\ORDENAMIENTOTERRITORIAL.Catastro\ORDENAMIENTOTERRITORIAL.Catastro_Manz</Process><Process ToolSource="c:\program files\arcgis\server\ArcToolbox\Toolboxes\Data Management Tools.tbx\Append" Date="20200831" Time="183617">Append E:\CargueInformacion\scratch.gdb\ManzproW E:\CargueInformacion\MapasPro.sde\ORDENAMIENTOTERRITORIAL.Catastro\ORDENAMIENTOTERRITORIAL.Catastro_Manz NO_TEST "MANCODIGO "Identificador unico de la manzana" true true false 9 Text 0 0 ,First,#,E:\CargueInformacion\MapasPro.sde\ORDENAMIENTOTERRITORIAL.Catastro\ORDENAMIENTOTERRITORIAL.Catastro_Manz,MANCODIGO,-1,-1;SECCODIGO "Codigo Sector" true true false 6 Text 0 0 ,First,#,E:\CargueInformacion\MapasPro.sde\ORDENAMIENTOTERRITORIAL.Catastro\ORDENAMIENTOTERRITORIAL.Catastro_Manz,SECCODIGO,-1,-1;GLOBALID "GLOBALID" false false false 38 GlobalID 0 0 ,First,#,E:\CargueInformacion\MapasPro.sde\ORDENAMIENTOTERRITORIAL.Catastro\ORDENAMIENTOTERRITORIAL.Catastro_Manz,GLOBALID,-1,-1;SHAPE_AREA "SHAPE_AREA" false false true 0 Double 0 0 ,First,#,E:\CargueInformacion\MapasPro.sde\ORDENAMIENTOTERRITORIAL.Catastro\ORDENAMIENTOTERRITORIAL.Catastro_Manz,SHAPE.AREA,-1,-1;SHAPE_LEN "SHAPE_LEN" false false true 0 Double 0 0 ,First,#,E:\CargueInformacion\MapasPro.sde\ORDENAMIENTOTERRITORIAL.Catastro\ORDENAMIENTOTERRITORIAL.Catastro_Manz,SHAPE.LEN,-1,-1;MANCODIGO "Manzana_ID" true true false 9 Text 0 0 ,First,#,E:\CargueInformacion\scratch.gdb\ManzproW,MANMANZ_ID,-1,-1;SECCODIGO "Sector_ID" true true false 6 Text 0 0 ,First,#,E:\CargueInformacion\scratch.gdb\ManzproW,MANSECT_ID,-1,-1" #</Process><Process ToolSource="c:\program files\arcgis\server\ArcToolbox\Toolboxes\Data Management Tools.tbx\TruncateTable" Date="20200927" Time="180343">TruncateTable E:\CargueInformacion\MapasPro.sde\ORDENAMIENTOTERRITORIAL.Catastro\ORDENAMIENTOTERRITORIAL.Catastro_Manz</Process><Process ToolSource="c:\program files\arcgis\server\ArcToolbox\Toolboxes\Data Management Tools.tbx\Append" Date="20200927" Time="180711">Append E:\CargueInformacion\scratch.gdb\ManzproW E:\CargueInformacion\MapasPro.sde\ORDENAMIENTOTERRITORIAL.Catastro\ORDENAMIENTOTERRITORIAL.Catastro_Manz NO_TEST "MANCODIGO "Identificador unico de la manzana" true true false 9 Text 0 0 ,First,#,E:\CargueInformacion\MapasPro.sde\ORDENAMIENTOTERRITORIAL.Catastro\ORDENAMIENTOTERRITORIAL.Catastro_Manz,MANCODIGO,-1,-1;SECCODIGO "Codigo Sector" true true false 6 Text 0 0 ,First,#,E:\CargueInformacion\MapasPro.sde\ORDENAMIENTOTERRITORIAL.Catastro\ORDENAMIENTOTERRITORIAL.Catastro_Manz,SECCODIGO,-1,-1;GLOBALID "GLOBALID" false false false 38 GlobalID 0 0 ,First,#,E:\CargueInformacion\MapasPro.sde\ORDENAMIENTOTERRITORIAL.Catastro\ORDENAMIENTOTERRITORIAL.Catastro_Manz,GLOBALID,-1,-1;SHAPE_AREA "SHAPE_AREA" false false true 0 Double 0 0 ,First,#,E:\CargueInformacion\MapasPro.sde\ORDENAMIENTOTERRITORIAL.Catastro\ORDENAMIENTOTERRITORIAL.Catastro_Manz,SHAPE.AREA,-1,-1;SHAPE_LEN "SHAPE_LEN" false false true 0 Double 0 0 ,First,#,E:\CargueInformacion\MapasPro.sde\ORDENAMIENTOTERRITORIAL.Catastro\ORDENAMIENTOTERRITORIAL.Catastro_Manz,SHAPE.LEN,-1,-1;MANCODIGO "Manzana_ID" true true false 9 Text 0 0 ,First,#,E:\CargueInformacion\scratch.gdb\ManzproW,MANMANZ_ID,-1,-1;SECCODIGO "Sector_ID" true true false 6 Text 0 0 ,First,#,E:\CargueInformacion\scratch.gdb\ManzproW,MANSECT_ID,-1,-1" #</Process><Process ToolSource="c:\program files\arcgis\server\ArcToolbox\Toolboxes\Data Management Tools.tbx\TruncateTable" Date="20201025" Time="180421">TruncateTable E:\CargueInformacion\MapasPro.sde\ORDENAMIENTOTERRITORIAL.Catastro\ORDENAMIENTOTERRITORIAL.Catastro_Manz</Process><Process ToolSource="c:\program files\arcgis\server\ArcToolbox\Toolboxes\Data Management Tools.tbx\Append" Date="20201025" Time="180744">Append E:\CargueInformacion\scratch.gdb\ManzproW E:\CargueInformacion\MapasPro.sde\ORDENAMIENTOTERRITORIAL.Catastro\ORDENAMIENTOTERRITORIAL.Catastro_Manz NO_TEST "MANCODIGO "Identificador unico de la manzana" true true false 9 Text 0 0 ,First,#,E:\CargueInformacion\MapasPro.sde\ORDENAMIENTOTERRITORIAL.Catastro\ORDENAMIENTOTERRITORIAL.Catastro_Manz,MANCODIGO,-1,-1;SECCODIGO "Codigo Sector" true true false 6 Text 0 0 ,First,#,E:\CargueInformacion\MapasPro.sde\ORDENAMIENTOTERRITORIAL.Catastro\ORDENAMIENTOTERRITORIAL.Catastro_Manz,SECCODIGO,-1,-1;GLOBALID "GLOBALID" false false false 38 GlobalID 0 0 ,First,#,E:\CargueInformacion\MapasPro.sde\ORDENAMIENTOTERRITORIAL.Catastro\ORDENAMIENTOTERRITORIAL.Catastro_Manz,GLOBALID,-1,-1;SHAPE_AREA "SHAPE_AREA" false false true 0 Double 0 0 ,First,#,E:\CargueInformacion\MapasPro.sde\ORDENAMIENTOTERRITORIAL.Catastro\ORDENAMIENTOTERRITORIAL.Catastro_Manz,SHAPE.AREA,-1,-1;SHAPE_LEN "SHAPE_LEN" false false true 0 Double 0 0 ,First,#,E:\CargueInformacion\MapasPro.sde\ORDENAMIENTOTERRITORIAL.Catastro\ORDENAMIENTOTERRITORIAL.Catastro_Manz,SHAPE.LEN,-1,-1;MANCODIGO "Manzana_ID" true true false 9 Text 0 0 ,First,#,E:\CargueInformacion\scratch.gdb\ManzproW,MANMANZ_ID,-1,-1;SECCODIGO "Sector_ID" true true false 6 Text 0 0 ,First,#,E:\CargueInformacion\scratch.gdb\ManzproW,MANSECT_ID,-1,-1" #</Process><Process ToolSource="c:\program files\arcgis\server\ArcToolbox\Toolboxes\Data Management Tools.tbx\TruncateTable" Date="20201212" Time="165432">TruncateTable E:\CargueInformacion\MapasPro.sde\ORDENAMIENTOTERRITORIAL.Catastro\ORDENAMIENTOTERRITORIAL.Catastro_Manz</Process><Process ToolSource="c:\program files\arcgis\server\ArcToolbox\Toolboxes\Data Management Tools.tbx\Append" Date="20201212" Time="165814">Append E:\CargueInformacion\scratch.gdb\ManzproW E:\CargueInformacion\MapasPro.sde\ORDENAMIENTOTERRITORIAL.Catastro\ORDENAMIENTOTERRITORIAL.Catastro_Manz NO_TEST "MANCODIGO "Identificador unico de la manzana" true true false 9 Text 0 0 ,First,#,E:\CargueInformacion\MapasPro.sde\ORDENAMIENTOTERRITORIAL.Catastro\ORDENAMIENTOTERRITORIAL.Catastro_Manz,MANCODIGO,-1,-1;SECCODIGO "Codigo Sector" true true false 6 Text 0 0 ,First,#,E:\CargueInformacion\MapasPro.sde\ORDENAMIENTOTERRITORIAL.Catastro\ORDENAMIENTOTERRITORIAL.Catastro_Manz,SECCODIGO,-1,-1;GLOBALID "GLOBALID" false false false 38 GlobalID 0 0 ,First,#,E:\CargueInformacion\MapasPro.sde\ORDENAMIENTOTERRITORIAL.Catastro\ORDENAMIENTOTERRITORIAL.Catastro_Manz,GLOBALID,-1,-1;SHAPE_AREA "SHAPE_AREA" false false true 0 Double 0 0 ,First,#,E:\CargueInformacion\MapasPro.sde\ORDENAMIENTOTERRITORIAL.Catastro\ORDENAMIENTOTERRITORIAL.Catastro_Manz,SHAPE.AREA,-1,-1;SHAPE_LEN "SHAPE_LEN" false false true 0 Double 0 0 ,First,#,E:\CargueInformacion\MapasPro.sde\ORDENAMIENTOTERRITORIAL.Catastro\ORDENAMIENTOTERRITORIAL.Catastro_Manz,SHAPE.LEN,-1,-1;MANCODIGO "Manzana_ID" true true false 9 Text 0 0 ,First,#,E:\CargueInformacion\scratch.gdb\ManzproW,MANMANZ_ID,-1,-1;SECCODIGO "Sector_ID" true true false 6 Text 0 0 ,First,#,E:\CargueInformacion\scratch.gdb\ManzproW,MANSECT_ID,-1,-1" #</Process><Process ToolSource="c:\program files\arcgis\server\ArcToolbox\Toolboxes\Data Management Tools.tbx\TruncateTable" Date="20201212" Time="172001">TruncateTable E:\CargueInformacion\MapasPro.sde\ORDENAMIENTOTERRITORIAL.Catastro\ORDENAMIENTOTERRITORIAL.Catastro_Manz</Process><Process ToolSource="c:\program files\arcgis\server\ArcToolbox\Toolboxes\Data Management Tools.tbx\Append" Date="20201212" Time="172346">Append E:\CargueInformacion\scratch.gdb\ManzproW E:\CargueInformacion\MapasPro.sde\ORDENAMIENTOTERRITORIAL.Catastro\ORDENAMIENTOTERRITORIAL.Catastro_Manz NO_TEST "MANCODIGO "Identificador unico de la manzana" true true false 9 Text 0 0 ,First,#,E:\CargueInformacion\MapasPro.sde\ORDENAMIENTOTERRITORIAL.Catastro\ORDENAMIENTOTERRITORIAL.Catastro_Manz,MANCODIGO,-1,-1;SECCODIGO "Codigo Sector" true true false 6 Text 0 0 ,First,#,E:\CargueInformacion\MapasPro.sde\ORDENAMIENTOTERRITORIAL.Catastro\ORDENAMIENTOTERRITORIAL.Catastro_Manz,SECCODIGO,-1,-1;GLOBALID "GLOBALID" false false false 38 GlobalID 0 0 ,First,#,E:\CargueInformacion\MapasPro.sde\ORDENAMIENTOTERRITORIAL.Catastro\ORDENAMIENTOTERRITORIAL.Catastro_Manz,GLOBALID,-1,-1;SHAPE_AREA "SHAPE_AREA" false false true 0 Double 0 0 ,First,#,E:\CargueInformacion\MapasPro.sde\ORDENAMIENTOTERRITORIAL.Catastro\ORDENAMIENTOTERRITORIAL.Catastro_Manz,SHAPE.AREA,-1,-1;SHAPE_LEN "SHAPE_LEN" false false true 0 Double 0 0 ,First,#,E:\CargueInformacion\MapasPro.sde\ORDENAMIENTOTERRITORIAL.Catastro\ORDENAMIENTOTERRITORIAL.Catastro_Manz,SHAPE.LEN,-1,-1;MANCODIGO "Manzana_ID" true true false 9 Text 0 0 ,First,#,E:\CargueInformacion\scratch.gdb\ManzproW,MANMANZ_ID,-1,-1;SECCODIGO "Sector_ID" true true false 6 Text 0 0 ,First,#,E:\CargueInformacion\scratch.gdb\ManzproW,MANSECT_ID,-1,-1" #</Process><Process ToolSource="c:\program files\arcgis\server\ArcToolbox\Toolboxes\Data Management Tools.tbx\TruncateTable" Date="20210131" Time="180739">TruncateTable E:\CargueInformacion\MapasPro.sde\ORDENAMIENTOTERRITORIAL.Catastro\ORDENAMIENTOTERRITORIAL.Catastro_Manz</Process><Process ToolSource="c:\program files\arcgis\server\ArcToolbox\Toolboxes\Data Management Tools.tbx\Append" Date="20210131" Time="181356">Append E:\CargueInformacion\scratch.gdb\ManzproW E:\CargueInformacion\MapasPro.sde\ORDENAMIENTOTERRITORIAL.Catastro\ORDENAMIENTOTERRITORIAL.Catastro_Manz NO_TEST "MANCODIGO "Identificador unico de la manzana" true true false 9 Text 0 0 ,First,#,E:\CargueInformacion\MapasPro.sde\ORDENAMIENTOTERRITORIAL.Catastro\ORDENAMIENTOTERRITORIAL.Catastro_Manz,MANCODIGO,-1,-1;SECCODIGO "Codigo Sector" true true false 6 Text 0 0 ,First,#,E:\CargueInformacion\MapasPro.sde\ORDENAMIENTOTERRITORIAL.Catastro\ORDENAMIENTOTERRITORIAL.Catastro_Manz,SECCODIGO,-1,-1;GLOBALID "GLOBALID" false false false 38 GlobalID 0 0 ,First,#,E:\CargueInformacion\MapasPro.sde\ORDENAMIENTOTERRITORIAL.Catastro\ORDENAMIENTOTERRITORIAL.Catastro_Manz,GLOBALID,-1,-1;SHAPE_AREA "SHAPE_AREA" false false true 0 Double 0 0 ,First,#,E:\CargueInformacion\MapasPro.sde\ORDENAMIENTOTERRITORIAL.Catastro\ORDENAMIENTOTERRITORIAL.Catastro_Manz,SHAPE.AREA,-1,-1;SHAPE_LEN "SHAPE_LEN" false false true 0 Double 0 0 ,First,#,E:\CargueInformacion\MapasPro.sde\ORDENAMIENTOTERRITORIAL.Catastro\ORDENAMIENTOTERRITORIAL.Catastro_Manz,SHAPE.LEN,-1,-1;MANCODIGO "Manzana_ID" true true false 9 Text 0 0 ,First,#,E:\CargueInformacion\scratch.gdb\ManzproW,MANMANZ_ID,-1,-1;SECCODIGO "Sector_ID" true true false 6 Text 0 0 ,First,#,E:\CargueInformacion\scratch.gdb\ManzproW,MANSECT_ID,-1,-1" #</Process><Process ToolSource="c:\program files\arcgis\server\ArcToolbox\Toolboxes\Data Management Tools.tbx\TruncateTable" Date="20210305" Time="104632">TruncateTable E:\CargueInformacion\MapasPro.sde\ORDENAMIENTOTERRITORIAL.Catastro\ORDENAMIENTOTERRITORIAL.Catastro_Manz</Process><Process ToolSource="c:\program files\arcgis\server\ArcToolbox\Toolboxes\Data Management Tools.tbx\Append" Date="20210305" Time="105016">Append E:\CargueInformacion\scratch.gdb\ManzproW E:\CargueInformacion\MapasPro.sde\ORDENAMIENTOTERRITORIAL.Catastro\ORDENAMIENTOTERRITORIAL.Catastro_Manz NO_TEST "MANCODIGO "Identificador unico de la manzana" true true false 9 Text 0 0 ,First,#,E:\CargueInformacion\MapasPro.sde\ORDENAMIENTOTERRITORIAL.Catastro\ORDENAMIENTOTERRITORIAL.Catastro_Manz,MANCODIGO,-1,-1;SECCODIGO "Codigo Sector" true true false 6 Text 0 0 ,First,#,E:\CargueInformacion\MapasPro.sde\ORDENAMIENTOTERRITORIAL.Catastro\ORDENAMIENTOTERRITORIAL.Catastro_Manz,SECCODIGO,-1,-1;GLOBALID "GLOBALID" false false false 38 GlobalID 0 0 ,First,#,E:\CargueInformacion\MapasPro.sde\ORDENAMIENTOTERRITORIAL.Catastro\ORDENAMIENTOTERRITORIAL.Catastro_Manz,GLOBALID,-1,-1;SHAPE_AREA "SHAPE_AREA" false false true 0 Double 0 0 ,First,#,E:\CargueInformacion\MapasPro.sde\ORDENAMIENTOTERRITORIAL.Catastro\ORDENAMIENTOTERRITORIAL.Catastro_Manz,SHAPE.AREA,-1,-1;SHAPE_LEN "SHAPE_LEN" false false true 0 Double 0 0 ,First,#,E:\CargueInformacion\MapasPro.sde\ORDENAMIENTOTERRITORIAL.Catastro\ORDENAMIENTOTERRITORIAL.Catastro_Manz,SHAPE.LEN,-1,-1;MANCODIGO "Manzana_ID" true true false 9 Text 0 0 ,First,#,E:\CargueInformacion\scratch.gdb\ManzproW,MANMANZ_ID,-1,-1;SECCODIGO "Sector_ID" true true false 6 Text 0 0 ,First,#,E:\CargueInformacion\scratch.gdb\ManzproW,MANSECT_ID,-1,-1" #</Process><Process ToolSource="c:\program files\arcgis\server\ArcToolbox\Toolboxes\Data Management Tools.tbx\TruncateTable" Date="20210328" Time="180342">TruncateTable E:\CargueInformacion\MapasPro.sde\ORDENAMIENTOTERRITORIAL.Catastro\ORDENAMIENTOTERRITORIAL.Catastro_Manz</Process><Process ToolSource="c:\program files\arcgis\server\ArcToolbox\Toolboxes\Data Management Tools.tbx\Append" Date="20210328" Time="180652">Append E:\CargueInformacion\scratch.gdb\ManzproW E:\CargueInformacion\MapasPro.sde\ORDENAMIENTOTERRITORIAL.Catastro\ORDENAMIENTOTERRITORIAL.Catastro_Manz NO_TEST "MANCODIGO "Identificador unico de la manzana" true true false 9 Text 0 0 ,First,#,E:\CargueInformacion\MapasPro.sde\ORDENAMIENTOTERRITORIAL.Catastro\ORDENAMIENTOTERRITORIAL.Catastro_Manz,MANCODIGO,-1,-1;SECCODIGO "Codigo Sector" true true false 6 Text 0 0 ,First,#,E:\CargueInformacion\MapasPro.sde\ORDENAMIENTOTERRITORIAL.Catastro\ORDENAMIENTOTERRITORIAL.Catastro_Manz,SECCODIGO,-1,-1;GLOBALID "GLOBALID" false false false 38 GlobalID 0 0 ,First,#,E:\CargueInformacion\MapasPro.sde\ORDENAMIENTOTERRITORIAL.Catastro\ORDENAMIENTOTERRITORIAL.Catastro_Manz,GLOBALID,-1,-1;SHAPE_AREA "SHAPE_AREA" false false true 0 Double 0 0 ,First,#,E:\CargueInformacion\MapasPro.sde\ORDENAMIENTOTERRITORIAL.Catastro\ORDENAMIENTOTERRITORIAL.Catastro_Manz,SHAPE.AREA,-1,-1;SHAPE_LEN "SHAPE_LEN" false false true 0 Double 0 0 ,First,#,E:\CargueInformacion\MapasPro.sde\ORDENAMIENTOTERRITORIAL.Catastro\ORDENAMIENTOTERRITORIAL.Catastro_Manz,SHAPE.LEN,-1,-1;MANCODIGO "Manzana_ID" true true false 9 Text 0 0 ,First,#,E:\CargueInformacion\scratch.gdb\ManzproW,MANMANZ_ID,-1,-1;SECCODIGO "Sector_ID" true true false 6 Text 0 0 ,First,#,E:\CargueInformacion\scratch.gdb\ManzproW,MANSECT_ID,-1,-1" #</Process><Process ToolSource="c:\program files\arcgis\server\ArcToolbox\Toolboxes\Data Management Tools.tbx\TruncateTable" Date="20210425" Time="180352">TruncateTable E:\CargueInformacion\MapasPro.sde\ORDENAMIENTOTERRITORIAL.Catastro\ORDENAMIENTOTERRITORIAL.Catastro_Manz</Process><Process ToolSource="c:\program files\arcgis\server\ArcToolbox\Toolboxes\Data Management Tools.tbx\Append" Date="20210425" Time="190141">Append E:\CargueInformacion\scratch.gdb\ManzproW E:\CargueInformacion\MapasPro.sde\ORDENAMIENTOTERRITORIAL.Catastro\ORDENAMIENTOTERRITORIAL.Catastro_Manz NO_TEST "MANCODIGO "Identificador unico de la manzana" true true false 9 Text 0 0 ,First,#,E:\CargueInformacion\MapasPro.sde\ORDENAMIENTOTERRITORIAL.Catastro\ORDENAMIENTOTERRITORIAL.Catastro_Manz,MANCODIGO,-1,-1;SECCODIGO "Codigo Sector" true true false 6 Text 0 0 ,First,#,E:\CargueInformacion\MapasPro.sde\ORDENAMIENTOTERRITORIAL.Catastro\ORDENAMIENTOTERRITORIAL.Catastro_Manz,SECCODIGO,-1,-1;GLOBALID "GLOBALID" false false false 38 GlobalID 0 0 ,First,#,E:\CargueInformacion\MapasPro.sde\ORDENAMIENTOTERRITORIAL.Catastro\ORDENAMIENTOTERRITORIAL.Catastro_Manz,GLOBALID,-1,-1;SHAPE_AREA "SHAPE_AREA" false false true 0 Double 0 0 ,First,#,E:\CargueInformacion\MapasPro.sde\ORDENAMIENTOTERRITORIAL.Catastro\ORDENAMIENTOTERRITORIAL.Catastro_Manz,SHAPE.AREA,-1,-1;SHAPE_LEN "SHAPE_LEN" false false true 0 Double 0 0 ,First,#,E:\CargueInformacion\MapasPro.sde\ORDENAMIENTOTERRITORIAL.Catastro\ORDENAMIENTOTERRITORIAL.Catastro_Manz,SHAPE.LEN,-1,-1;MANCODIGO "Manzana_ID" true true false 9 Text 0 0 ,First,#,E:\CargueInformacion\scratch.gdb\ManzproW,MANMANZ_ID,-1,-1;SECCODIGO "Sector_ID" true true false 6 Text 0 0 ,First,#,E:\CargueInformacion\scratch.gdb\ManzproW,MANSECT_ID,-1,-1" #</Process><Process ToolSource="c:\program files (x86)\arcgis\desktop10.6\ArcToolbox\Toolboxes\Data Management Tools.tbx\TruncateTable" Date="20210427" Time="161751">TruncateTable E:\CargueInformacion\MapasPro.sde\ORDENAMIENTOTERRITORIAL.Catastro\ORDENAMIENTOTERRITORIAL.Catastro_Manz</Process><Process ToolSource="c:\program files (x86)\arcgis\desktop10.6\ArcToolbox\Toolboxes\Data Management Tools.tbx\Append" Date="20210427" Time="171242">Append E:\CargueInformacion\scratch.gdb\ManzproW E:\CargueInformacion\MapasPro.sde\ORDENAMIENTOTERRITORIAL.Catastro\ORDENAMIENTOTERRITORIAL.Catastro_Manz NO_TEST "MANCODIGO "Identificador unico de la manzana" true true false 9 Text 0 0 ,First,#,E:\CargueInformacion\MapasPro.sde\ORDENAMIENTOTERRITORIAL.Catastro\ORDENAMIENTOTERRITORIAL.Catastro_Manz,MANCODIGO,-1,-1;SECCODIGO "Codigo Sector" true true false 6 Text 0 0 ,First,#,E:\CargueInformacion\MapasPro.sde\ORDENAMIENTOTERRITORIAL.Catastro\ORDENAMIENTOTERRITORIAL.Catastro_Manz,SECCODIGO,-1,-1;GLOBALID "GLOBALID" false false false 38 GlobalID 0 0 ,First,#,E:\CargueInformacion\MapasPro.sde\ORDENAMIENTOTERRITORIAL.Catastro\ORDENAMIENTOTERRITORIAL.Catastro_Manz,GLOBALID,-1,-1;SHAPE_AREA "SHAPE_AREA" false false true 0 Double 0 0 ,First,#,E:\CargueInformacion\MapasPro.sde\ORDENAMIENTOTERRITORIAL.Catastro\ORDENAMIENTOTERRITORIAL.Catastro_Manz,SHAPE.AREA,-1,-1;SHAPE_LEN "SHAPE_LEN" false false true 0 Double 0 0 ,First,#,E:\CargueInformacion\MapasPro.sde\ORDENAMIENTOTERRITORIAL.Catastro\ORDENAMIENTOTERRITORIAL.Catastro_Manz,SHAPE.LEN,-1,-1;MANCODIGO "Manzana_ID" true true false 9 Text 0 0 ,First,#,E:\CargueInformacion\scratch.gdb\ManzproW,MANMANZ_ID,-1,-1;SECCODIGO "Sector_ID" true true false 6 Text 0 0 ,First,#,E:\CargueInformacion\scratch.gdb\ManzproW,MANSECT_ID,-1,-1" #</Process><Process ToolSource="c:\program files\arcgis\server\ArcToolbox\Toolboxes\Data Management Tools.tbx\TruncateTable" Date="20210429" Time="145141">TruncateTable E:\CargueInformacion\MapasPro.sde\ORDENAMIENTOTERRITORIAL.Catastro\ORDENAMIENTOTERRITORIAL.Catastro_Manz</Process><Process ToolSource="c:\program files\arcgis\server\ArcToolbox\Toolboxes\Data Management Tools.tbx\Append" Date="20210429" Time="145455">Append E:\CargueInformacion\scratch.gdb\ManzproW E:\CargueInformacion\MapasPro.sde\ORDENAMIENTOTERRITORIAL.Catastro\ORDENAMIENTOTERRITORIAL.Catastro_Manz NO_TEST "MANCODIGO "Identificador unico de la manzana" true true false 9 Text 0 0 ,First,#,E:\CargueInformacion\MapasPro.sde\ORDENAMIENTOTERRITORIAL.Catastro\ORDENAMIENTOTERRITORIAL.Catastro_Manz,MANCODIGO,-1,-1;SECCODIGO "Codigo Sector" true true false 6 Text 0 0 ,First,#,E:\CargueInformacion\MapasPro.sde\ORDENAMIENTOTERRITORIAL.Catastro\ORDENAMIENTOTERRITORIAL.Catastro_Manz,SECCODIGO,-1,-1;GLOBALID "GLOBALID" false false false 38 GlobalID 0 0 ,First,#,E:\CargueInformacion\MapasPro.sde\ORDENAMIENTOTERRITORIAL.Catastro\ORDENAMIENTOTERRITORIAL.Catastro_Manz,GLOBALID,-1,-1;SHAPE_AREA "SHAPE_AREA" false false true 0 Double 0 0 ,First,#,E:\CargueInformacion\MapasPro.sde\ORDENAMIENTOTERRITORIAL.Catastro\ORDENAMIENTOTERRITORIAL.Catastro_Manz,SHAPE.AREA,-1,-1;SHAPE_LEN "SHAPE_LEN" false false true 0 Double 0 0 ,First,#,E:\CargueInformacion\MapasPro.sde\ORDENAMIENTOTERRITORIAL.Catastro\ORDENAMIENTOTERRITORIAL.Catastro_Manz,SHAPE.LEN,-1,-1;MANCODIGO "Manzana_ID" true true false 9 Text 0 0 ,First,#,E:\CargueInformacion\scratch.gdb\ManzproW,MANMANZ_ID,-1,-1;SECCODIGO "Sector_ID" true true false 6 Text 0 0 ,First,#,E:\CargueInformacion\scratch.gdb\ManzproW,MANSECT_ID,-1,-1" #</Process><Process ToolSource="c:\program files\arcgis\server\ArcToolbox\Toolboxes\Data Management Tools.tbx\TruncateTable" Date="20210530" Time="180448">TruncateTable E:\CargueInformacion\MapasPro.sde\ORDENAMIENTOTERRITORIAL.Catastro\ORDENAMIENTOTERRITORIAL.Catastro_Manz</Process><Process ToolSource="c:\program files\arcgis\server\ArcToolbox\Toolboxes\Data Management Tools.tbx\Append" Date="20210530" Time="180804">Append E:\CargueInformacion\scratch.gdb\ManzproW E:\CargueInformacion\MapasPro.sde\ORDENAMIENTOTERRITORIAL.Catastro\ORDENAMIENTOTERRITORIAL.Catastro_Manz NO_TEST "MANCODIGO "Identificador unico de la manzana" true true false 9 Text 0 0 ,First,#,E:\CargueInformacion\MapasPro.sde\ORDENAMIENTOTERRITORIAL.Catastro\ORDENAMIENTOTERRITORIAL.Catastro_Manz,MANCODIGO,-1,-1;SECCODIGO "Codigo Sector" true true false 6 Text 0 0 ,First,#,E:\CargueInformacion\MapasPro.sde\ORDENAMIENTOTERRITORIAL.Catastro\ORDENAMIENTOTERRITORIAL.Catastro_Manz,SECCODIGO,-1,-1;GLOBALID "GLOBALID" false false false 38 GlobalID 0 0 ,First,#,E:\CargueInformacion\MapasPro.sde\ORDENAMIENTOTERRITORIAL.Catastro\ORDENAMIENTOTERRITORIAL.Catastro_Manz,GLOBALID,-1,-1;SHAPE_AREA "SHAPE_AREA" false false true 0 Double 0 0 ,First,#,E:\CargueInformacion\MapasPro.sde\ORDENAMIENTOTERRITORIAL.Catastro\ORDENAMIENTOTERRITORIAL.Catastro_Manz,SHAPE.AREA,-1,-1;SHAPE_LEN "SHAPE_LEN" false false true 0 Double 0 0 ,First,#,E:\CargueInformacion\MapasPro.sde\ORDENAMIENTOTERRITORIAL.Catastro\ORDENAMIENTOTERRITORIAL.Catastro_Manz,SHAPE.LEN,-1,-1;MANCODIGO "Manzana_ID" true true false 9 Text 0 0 ,First,#,E:\CargueInformacion\scratch.gdb\ManzproW,MANMANZ_ID,-1,-1;SECCODIGO "Sector_ID" true true false 6 Text 0 0 ,First,#,E:\CargueInformacion\scratch.gdb\ManzproW,MANSECT_ID,-1,-1" #</Process><Process ToolSource="c:\program files\arcgis\server\ArcToolbox\Toolboxes\Data Management Tools.tbx\TruncateTable" Date="20210603" Time="080330">TruncateTable E:\CargueInformacion\MapasPro.sde\ORDENAMIENTOTERRITORIAL.Catastro\ORDENAMIENTOTERRITORIAL.Catastro_Manz</Process><Process ToolSource="c:\program files\arcgis\server\ArcToolbox\Toolboxes\Data Management Tools.tbx\Append" Date="20210603" Time="080646">Append E:\CargueInformacion\scratch.gdb\ManzproW E:\CargueInformacion\MapasPro.sde\ORDENAMIENTOTERRITORIAL.Catastro\ORDENAMIENTOTERRITORIAL.Catastro_Manz NO_TEST "MANCODIGO "Identificador unico de la manzana" true true false 9 Text 0 0 ,First,#,E:\CargueInformacion\MapasPro.sde\ORDENAMIENTOTERRITORIAL.Catastro\ORDENAMIENTOTERRITORIAL.Catastro_Manz,MANCODIGO,-1,-1;SECCODIGO "Codigo Sector" true true false 6 Text 0 0 ,First,#,E:\CargueInformacion\MapasPro.sde\ORDENAMIENTOTERRITORIAL.Catastro\ORDENAMIENTOTERRITORIAL.Catastro_Manz,SECCODIGO,-1,-1;GLOBALID "GLOBALID" false false false 38 GlobalID 0 0 ,First,#,E:\CargueInformacion\MapasPro.sde\ORDENAMIENTOTERRITORIAL.Catastro\ORDENAMIENTOTERRITORIAL.Catastro_Manz,GLOBALID,-1,-1;SHAPE_AREA "SHAPE_AREA" false false true 0 Double 0 0 ,First,#,E:\CargueInformacion\MapasPro.sde\ORDENAMIENTOTERRITORIAL.Catastro\ORDENAMIENTOTERRITORIAL.Catastro_Manz,SHAPE.AREA,-1,-1;SHAPE_LEN "SHAPE_LEN" false false true 0 Double 0 0 ,First,#,E:\CargueInformacion\MapasPro.sde\ORDENAMIENTOTERRITORIAL.Catastro\ORDENAMIENTOTERRITORIAL.Catastro_Manz,SHAPE.LEN,-1,-1;MANCODIGO "Manzana_ID" true true false 9 Text 0 0 ,First,#,E:\CargueInformacion\scratch.gdb\ManzproW,MANMANZ_ID,-1,-1;SECCODIGO "Sector_ID" true true false 6 Text 0 0 ,First,#,E:\CargueInformacion\scratch.gdb\ManzproW,MANSECT_ID,-1,-1" #</Process><Process ToolSource="c:\program files\arcgis\server\ArcToolbox\Toolboxes\Data Management Tools.tbx\TruncateTable" Date="20210603" Time="081831">TruncateTable E:\CargueInformacion\MapasPro.sde\ORDENAMIENTOTERRITORIAL.Catastro\ORDENAMIENTOTERRITORIAL.Catastro_Manz</Process><Process ToolSource="c:\program files\arcgis\server\ArcToolbox\Toolboxes\Data Management Tools.tbx\Append" Date="20210603" Time="082131">Append E:\CargueInformacion\scratch.gdb\ManzproW E:\CargueInformacion\MapasPro.sde\ORDENAMIENTOTERRITORIAL.Catastro\ORDENAMIENTOTERRITORIAL.Catastro_Manz NO_TEST "MANCODIGO "Identificador unico de la manzana" true true false 9 Text 0 0 ,First,#,E:\CargueInformacion\MapasPro.sde\ORDENAMIENTOTERRITORIAL.Catastro\ORDENAMIENTOTERRITORIAL.Catastro_Manz,MANCODIGO,-1,-1;SECCODIGO "Codigo Sector" true true false 6 Text 0 0 ,First,#,E:\CargueInformacion\MapasPro.sde\ORDENAMIENTOTERRITORIAL.Catastro\ORDENAMIENTOTERRITORIAL.Catastro_Manz,SECCODIGO,-1,-1;GLOBALID "GLOBALID" false false false 38 GlobalID 0 0 ,First,#,E:\CargueInformacion\MapasPro.sde\ORDENAMIENTOTERRITORIAL.Catastro\ORDENAMIENTOTERRITORIAL.Catastro_Manz,GLOBALID,-1,-1;SHAPE_AREA "SHAPE_AREA" false false true 0 Double 0 0 ,First,#,E:\CargueInformacion\MapasPro.sde\ORDENAMIENTOTERRITORIAL.Catastro\ORDENAMIENTOTERRITORIAL.Catastro_Manz,SHAPE.AREA,-1,-1;SHAPE_LEN "SHAPE_LEN" false false true 0 Double 0 0 ,First,#,E:\CargueInformacion\MapasPro.sde\ORDENAMIENTOTERRITORIAL.Catastro\ORDENAMIENTOTERRITORIAL.Catastro_Manz,SHAPE.LEN,-1,-1;MANCODIGO "Manzana_ID" true true false 9 Text 0 0 ,First,#,E:\CargueInformacion\scratch.gdb\ManzproW,MANMANZ_ID,-1,-1;SECCODIGO "Sector_ID" true true false 6 Text 0 0 ,First,#,E:\CargueInformacion\scratch.gdb\ManzproW,MANSECT_ID,-1,-1" #</Process><Process ToolSource="c:\program files\arcgis\server\ArcToolbox\Toolboxes\Data Management Tools.tbx\TruncateTable" Date="20210627" Time="180440">TruncateTable E:\CargueInformacion\MapasPro.sde\ORDENAMIENTOTERRITORIAL.Catastro\ORDENAMIENTOTERRITORIAL.Catastro_Manz</Process><Process ToolSource="c:\program files\arcgis\server\ArcToolbox\Toolboxes\Data Management Tools.tbx\Append" Date="20210627" Time="180743">Append E:\CargueInformacion\scratch.gdb\ManzproW E:\CargueInformacion\MapasPro.sde\ORDENAMIENTOTERRITORIAL.Catastro\ORDENAMIENTOTERRITORIAL.Catastro_Manz NO_TEST "MANCODIGO "Identificador unico de la manzana" true true false 9 Text 0 0 ,First,#,E:\CargueInformacion\MapasPro.sde\ORDENAMIENTOTERRITORIAL.Catastro\ORDENAMIENTOTERRITORIAL.Catastro_Manz,MANCODIGO,-1,-1;SECCODIGO "Codigo Sector" true true false 6 Text 0 0 ,First,#,E:\CargueInformacion\MapasPro.sde\ORDENAMIENTOTERRITORIAL.Catastro\ORDENAMIENTOTERRITORIAL.Catastro_Manz,SECCODIGO,-1,-1;GLOBALID "GLOBALID" false false false 38 GlobalID 0 0 ,First,#,E:\CargueInformacion\MapasPro.sde\ORDENAMIENTOTERRITORIAL.Catastro\ORDENAMIENTOTERRITORIAL.Catastro_Manz,GLOBALID,-1,-1;SHAPE_AREA "SHAPE_AREA" false false true 0 Double 0 0 ,First,#,E:\CargueInformacion\MapasPro.sde\ORDENAMIENTOTERRITORIAL.Catastro\ORDENAMIENTOTERRITORIAL.Catastro_Manz,SHAPE.AREA,-1,-1;SHAPE_LEN "SHAPE_LEN" false false true 0 Double 0 0 ,First,#,E:\CargueInformacion\MapasPro.sde\ORDENAMIENTOTERRITORIAL.Catastro\ORDENAMIENTOTERRITORIAL.Catastro_Manz,SHAPE.LEN,-1,-1;MANCODIGO "Manzana_ID" true true false 9 Text 0 0 ,First,#,E:\CargueInformacion\scratch.gdb\ManzproW,MANMANZ_ID,-1,-1;SECCODIGO "Sector_ID" true true false 6 Text 0 0 ,First,#,E:\CargueInformacion\scratch.gdb\ManzproW,MANSECT_ID,-1,-1" #</Process><Process ToolSource="c:\program files (x86)\arcgis\desktop10.6\ArcToolbox\Toolboxes\Data Management Tools.tbx\TruncateTable" Date="20210713" Time="230911">TruncateTable E:\CargueInformacion\MapasPro.sde\ORDENAMIENTOTERRITORIAL.Catastro\ORDENAMIENTOTERRITORIAL.Catastro_Manz</Process><Process ToolSource="c:\program files (x86)\arcgis\desktop10.6\ArcToolbox\Toolboxes\Data Management Tools.tbx\Append" Date="20210713" Time="231211">Append E:\CargueInformacion\scratch.gdb\ManzproW E:\CargueInformacion\MapasPro.sde\ORDENAMIENTOTERRITORIAL.Catastro\ORDENAMIENTOTERRITORIAL.Catastro_Manz NO_TEST "MANCODIGO "Identificador unico de la manzana" true true false 9 Text 0 0 ,First,#,E:\CargueInformacion\MapasPro.sde\ORDENAMIENTOTERRITORIAL.Catastro\ORDENAMIENTOTERRITORIAL.Catastro_Manz,MANCODIGO,-1,-1;SECCODIGO "Codigo Sector" true true false 6 Text 0 0 ,First,#,E:\CargueInformacion\MapasPro.sde\ORDENAMIENTOTERRITORIAL.Catastro\ORDENAMIENTOTERRITORIAL.Catastro_Manz,SECCODIGO,-1,-1;GLOBALID "GLOBALID" false false false 38 GlobalID 0 0 ,First,#,E:\CargueInformacion\MapasPro.sde\ORDENAMIENTOTERRITORIAL.Catastro\ORDENAMIENTOTERRITORIAL.Catastro_Manz,GLOBALID,-1,-1;SHAPE_AREA "SHAPE_AREA" false false true 0 Double 0 0 ,First,#,E:\CargueInformacion\MapasPro.sde\ORDENAMIENTOTERRITORIAL.Catastro\ORDENAMIENTOTERRITORIAL.Catastro_Manz,SHAPE.AREA,-1,-1;SHAPE_LEN "SHAPE_LEN" false false true 0 Double 0 0 ,First,#,E:\CargueInformacion\MapasPro.sde\ORDENAMIENTOTERRITORIAL.Catastro\ORDENAMIENTOTERRITORIAL.Catastro_Manz,SHAPE.LEN,-1,-1;MANCODIGO "Manzana_ID" true true false 9 Text 0 0 ,First,#,E:\CargueInformacion\scratch.gdb\ManzproW,MANMANZ_ID,-1,-1;SECCODIGO "Sector_ID" true true false 6 Text 0 0 ,First,#,E:\CargueInformacion\scratch.gdb\ManzproW,MANSECT_ID,-1,-1" #</Process><Process ToolSource="c:\program files (x86)\arcgis\desktop10.6\ArcToolbox\Toolboxes\Data Management Tools.tbx\TruncateTable" Date="20210717" Time="164853">TruncateTable E:\CargueInformacion\MapasPro.sde\ORDENAMIENTOTERRITORIAL.Catastro\ORDENAMIENTOTERRITORIAL.Catastro_Manz</Process><Process ToolSource="c:\program files (x86)\arcgis\desktop10.6\ArcToolbox\Toolboxes\Data Management Tools.tbx\Append" Date="20210717" Time="165200">Append E:\CargueInformacion\scratch.gdb\ManzproW E:\CargueInformacion\MapasPro.sde\ORDENAMIENTOTERRITORIAL.Catastro\ORDENAMIENTOTERRITORIAL.Catastro_Manz NO_TEST "MANCODIGO "Identificador unico de la manzana" true true false 9 Text 0 0 ,First,#,E:\CargueInformacion\MapasPro.sde\ORDENAMIENTOTERRITORIAL.Catastro\ORDENAMIENTOTERRITORIAL.Catastro_Manz,MANCODIGO,-1,-1;SECCODIGO "Codigo Sector" true true false 6 Text 0 0 ,First,#,E:\CargueInformacion\MapasPro.sde\ORDENAMIENTOTERRITORIAL.Catastro\ORDENAMIENTOTERRITORIAL.Catastro_Manz,SECCODIGO,-1,-1;GLOBALID "GLOBALID" false false false 38 GlobalID 0 0 ,First,#,E:\CargueInformacion\MapasPro.sde\ORDENAMIENTOTERRITORIAL.Catastro\ORDENAMIENTOTERRITORIAL.Catastro_Manz,GLOBALID,-1,-1;SHAPE_AREA "SHAPE_AREA" false false true 0 Double 0 0 ,First,#,E:\CargueInformacion\MapasPro.sde\ORDENAMIENTOTERRITORIAL.Catastro\ORDENAMIENTOTERRITORIAL.Catastro_Manz,SHAPE.AREA,-1,-1;SHAPE_LEN "SHAPE_LEN" false false true 0 Double 0 0 ,First,#,E:\CargueInformacion\MapasPro.sde\ORDENAMIENTOTERRITORIAL.Catastro\ORDENAMIENTOTERRITORIAL.Catastro_Manz,SHAPE.LEN,-1,-1;MANCODIGO "Manzana_ID" true true false 9 Text 0 0 ,First,#,E:\CargueInformacion\scratch.gdb\ManzproW,MANMANZ_ID,-1,-1;SECCODIGO "Sector_ID" true true false 6 Text 0 0 ,First,#,E:\CargueInformacion\scratch.gdb\ManzproW,MANSECT_ID,-1,-1" #</Process><Process ToolSource="c:\program files\arcgis\server\ArcToolbox\Toolboxes\Data Management Tools.tbx\TruncateTable" Date="20210725" Time="180434">TruncateTable E:\CargueInformacion\MapasPro.sde\ORDENAMIENTOTERRITORIAL.Catastro\ORDENAMIENTOTERRITORIAL.Catastro_Manz</Process><Process ToolSource="c:\program files\arcgis\server\ArcToolbox\Toolboxes\Data Management Tools.tbx\Append" Date="20210725" Time="180749">Append E:\CargueInformacion\scratch.gdb\ManzproW E:\CargueInformacion\MapasPro.sde\ORDENAMIENTOTERRITORIAL.Catastro\ORDENAMIENTOTERRITORIAL.Catastro_Manz NO_TEST "MANCODIGO "Identificador unico de la manzana" true true false 9 Text 0 0 ,First,#,E:\CargueInformacion\MapasPro.sde\ORDENAMIENTOTERRITORIAL.Catastro\ORDENAMIENTOTERRITORIAL.Catastro_Manz,MANCODIGO,-1,-1;SECCODIGO "Codigo Sector" true true false 6 Text 0 0 ,First,#,E:\CargueInformacion\MapasPro.sde\ORDENAMIENTOTERRITORIAL.Catastro\ORDENAMIENTOTERRITORIAL.Catastro_Manz,SECCODIGO,-1,-1;GLOBALID "GLOBALID" false false false 38 GlobalID 0 0 ,First,#,E:\CargueInformacion\MapasPro.sde\ORDENAMIENTOTERRITORIAL.Catastro\ORDENAMIENTOTERRITORIAL.Catastro_Manz,GLOBALID,-1,-1;SHAPE_AREA "SHAPE_AREA" false false true 0 Double 0 0 ,First,#,E:\CargueInformacion\MapasPro.sde\ORDENAMIENTOTERRITORIAL.Catastro\ORDENAMIENTOTERRITORIAL.Catastro_Manz,SHAPE.AREA,-1,-1;SHAPE_LEN "SHAPE_LEN" false false true 0 Double 0 0 ,First,#,E:\CargueInformacion\MapasPro.sde\ORDENAMIENTOTERRITORIAL.Catastro\ORDENAMIENTOTERRITORIAL.Catastro_Manz,SHAPE.LEN,-1,-1;MANCODIGO "Manzana_ID" true true false 9 Text 0 0 ,First,#,E:\CargueInformacion\scratch.gdb\ManzproW,MANMANZ_ID,-1,-1;SECCODIGO "Sector_ID" true true false 6 Text 0 0 ,First,#,E:\CargueInformacion\scratch.gdb\ManzproW,MANSECT_ID,-1,-1" #</Process><Process ToolSource="c:\program files\arcgis\server\ArcToolbox\Toolboxes\Data Management Tools.tbx\TruncateTable" Date="20210829" Time="180456">TruncateTable E:\CargueInformacion\MapasPro.sde\ORDENAMIENTOTERRITORIAL.Catastro\ORDENAMIENTOTERRITORIAL.Catastro_Manz</Process><Process ToolSource="c:\program files\arcgis\server\ArcToolbox\Toolboxes\Data Management Tools.tbx\Append" Date="20210829" Time="180804">Append E:\CargueInformacion\scratch.gdb\ManzproW E:\CargueInformacion\MapasPro.sde\ORDENAMIENTOTERRITORIAL.Catastro\ORDENAMIENTOTERRITORIAL.Catastro_Manz NO_TEST "MANCODIGO "Identificador unico de la manzana" true true false 9 Text 0 0 ,First,#,E:\CargueInformacion\MapasPro.sde\ORDENAMIENTOTERRITORIAL.Catastro\ORDENAMIENTOTERRITORIAL.Catastro_Manz,MANCODIGO,-1,-1;SECCODIGO "Codigo Sector" true true false 6 Text 0 0 ,First,#,E:\CargueInformacion\MapasPro.sde\ORDENAMIENTOTERRITORIAL.Catastro\ORDENAMIENTOTERRITORIAL.Catastro_Manz,SECCODIGO,-1,-1;GLOBALID "GLOBALID" false false false 38 GlobalID 0 0 ,First,#,E:\CargueInformacion\MapasPro.sde\ORDENAMIENTOTERRITORIAL.Catastro\ORDENAMIENTOTERRITORIAL.Catastro_Manz,GLOBALID,-1,-1;SHAPE_AREA "SHAPE_AREA" false false true 0 Double 0 0 ,First,#,E:\CargueInformacion\MapasPro.sde\ORDENAMIENTOTERRITORIAL.Catastro\ORDENAMIENTOTERRITORIAL.Catastro_Manz,SHAPE.AREA,-1,-1;SHAPE_LEN "SHAPE_LEN" false false true 0 Double 0 0 ,First,#,E:\CargueInformacion\MapasPro.sde\ORDENAMIENTOTERRITORIAL.Catastro\ORDENAMIENTOTERRITORIAL.Catastro_Manz,SHAPE.LEN,-1,-1;MANCODIGO "Manzana_ID" true true false 9 Text 0 0 ,First,#,E:\CargueInformacion\scratch.gdb\ManzproW,MANMANZ_ID,-1,-1;SECCODIGO "Sector_ID" true true false 6 Text 0 0 ,First,#,E:\CargueInformacion\scratch.gdb\ManzproW,MANSECT_ID,-1,-1" #</Process><Process ToolSource="c:\program files\arcgis\server\ArcToolbox\Toolboxes\Data Management Tools.tbx\TruncateTable" Date="20210926" Time="180504">TruncateTable E:\CargueInformacion\MapasPro.sde\ORDENAMIENTOTERRITORIAL.Catastro\ORDENAMIENTOTERRITORIAL.Catastro_Manz</Process><Process ToolSource="c:\program files\arcgis\server\ArcToolbox\Toolboxes\Data Management Tools.tbx\Append" Date="20210926" Time="190528">Append E:\CargueInformacion\scratch.gdb\ManzproW E:\CargueInformacion\MapasPro.sde\ORDENAMIENTOTERRITORIAL.Catastro\ORDENAMIENTOTERRITORIAL.Catastro_Manz NO_TEST "MANCODIGO "Identificador unico de la manzana" true true false 9 Text 0 0 ,First,#,E:\CargueInformacion\MapasPro.sde\ORDENAMIENTOTERRITORIAL.Catastro\ORDENAMIENTOTERRITORIAL.Catastro_Manz,MANCODIGO,-1,-1;SECCODIGO "Codigo Sector" true true false 6 Text 0 0 ,First,#,E:\CargueInformacion\MapasPro.sde\ORDENAMIENTOTERRITORIAL.Catastro\ORDENAMIENTOTERRITORIAL.Catastro_Manz,SECCODIGO,-1,-1;GLOBALID "GLOBALID" false false false 38 GlobalID 0 0 ,First,#,E:\CargueInformacion\MapasPro.sde\ORDENAMIENTOTERRITORIAL.Catastro\ORDENAMIENTOTERRITORIAL.Catastro_Manz,GLOBALID,-1,-1;SHAPE_AREA "SHAPE_AREA" false false true 0 Double 0 0 ,First,#,E:\CargueInformacion\MapasPro.sde\ORDENAMIENTOTERRITORIAL.Catastro\ORDENAMIENTOTERRITORIAL.Catastro_Manz,SHAPE.AREA,-1,-1;SHAPE_LEN "SHAPE_LEN" false false true 0 Double 0 0 ,First,#,E:\CargueInformacion\MapasPro.sde\ORDENAMIENTOTERRITORIAL.Catastro\ORDENAMIENTOTERRITORIAL.Catastro_Manz,SHAPE.LEN,-1,-1;MANCODIGO "Manzana_ID" true true false 9 Text 0 0 ,First,#,E:\CargueInformacion\scratch.gdb\ManzproW,MANMANZ_ID,-1,-1;SECCODIGO "Sector_ID" true true false 6 Text 0 0 ,First,#,E:\CargueInformacion\scratch.gdb\ManzproW,MANSECT_ID,-1,-1" #</Process><Process ToolSource="c:\program files\arcgis\server\ArcToolbox\Toolboxes\Data Management Tools.tbx\TruncateTable" Date="20210929" Time="074911">TruncateTable E:\CargueInformacion\MapasPro.sde\ORDENAMIENTOTERRITORIAL.Catastro\ORDENAMIENTOTERRITORIAL.Catastro_Manz</Process><Process ToolSource="c:\program files\arcgis\server\ArcToolbox\Toolboxes\Data Management Tools.tbx\Append" Date="20210929" Time="075225">Append E:\CargueInformacion\scratch.gdb\ManzproW E:\CargueInformacion\MapasPro.sde\ORDENAMIENTOTERRITORIAL.Catastro\ORDENAMIENTOTERRITORIAL.Catastro_Manz NO_TEST "MANCODIGO "Identificador unico de la manzana" true true false 9 Text 0 0 ,First,#,E:\CargueInformacion\MapasPro.sde\ORDENAMIENTOTERRITORIAL.Catastro\ORDENAMIENTOTERRITORIAL.Catastro_Manz,MANCODIGO,-1,-1;SECCODIGO "Codigo Sector" true true false 6 Text 0 0 ,First,#,E:\CargueInformacion\MapasPro.sde\ORDENAMIENTOTERRITORIAL.Catastro\ORDENAMIENTOTERRITORIAL.Catastro_Manz,SECCODIGO,-1,-1;GLOBALID "GLOBALID" false false false 38 GlobalID 0 0 ,First,#,E:\CargueInformacion\MapasPro.sde\ORDENAMIENTOTERRITORIAL.Catastro\ORDENAMIENTOTERRITORIAL.Catastro_Manz,GLOBALID,-1,-1;SHAPE_AREA "SHAPE_AREA" false false true 0 Double 0 0 ,First,#,E:\CargueInformacion\MapasPro.sde\ORDENAMIENTOTERRITORIAL.Catastro\ORDENAMIENTOTERRITORIAL.Catastro_Manz,SHAPE.AREA,-1,-1;SHAPE_LEN "SHAPE_LEN" false false true 0 Double 0 0 ,First,#,E:\CargueInformacion\MapasPro.sde\ORDENAMIENTOTERRITORIAL.Catastro\ORDENAMIENTOTERRITORIAL.Catastro_Manz,SHAPE.LEN,-1,-1;MANCODIGO "Manzana_ID" true true false 9 Text 0 0 ,First,#,E:\CargueInformacion\scratch.gdb\ManzproW,MANMANZ_ID,-1,-1;SECCODIGO "Sector_ID" true true false 6 Text 0 0 ,First,#,E:\CargueInformacion\scratch.gdb\ManzproW,MANSECT_ID,-1,-1" #</Process><Process ToolSource="c:\program files\arcgis\server\ArcToolbox\Toolboxes\Data Management Tools.tbx\TruncateTable" Date="20211031" Time="181515">TruncateTable E:\CargueInformacion\MapasPro.sde\ORDENAMIENTOTERRITORIAL.Catastro\ORDENAMIENTOTERRITORIAL.Catastro_Manz</Process><Process ToolSource="c:\program files\arcgis\server\ArcToolbox\Toolboxes\Data Management Tools.tbx\Append" Date="20211031" Time="181845">Append E:\CargueInformacion\scratch.gdb\ManzproW E:\CargueInformacion\MapasPro.sde\ORDENAMIENTOTERRITORIAL.Catastro\ORDENAMIENTOTERRITORIAL.Catastro_Manz NO_TEST "MANCODIGO "Identificador unico de la manzana" true true false 9 Text 0 0 ,First,#,E:\CargueInformacion\MapasPro.sde\ORDENAMIENTOTERRITORIAL.Catastro\ORDENAMIENTOTERRITORIAL.Catastro_Manz,MANCODIGO,-1,-1;SECCODIGO "Codigo Sector" true true false 6 Text 0 0 ,First,#,E:\CargueInformacion\MapasPro.sde\ORDENAMIENTOTERRITORIAL.Catastro\ORDENAMIENTOTERRITORIAL.Catastro_Manz,SECCODIGO,-1,-1;GLOBALID "GLOBALID" false false false 38 GlobalID 0 0 ,First,#,E:\CargueInformacion\MapasPro.sde\ORDENAMIENTOTERRITORIAL.Catastro\ORDENAMIENTOTERRITORIAL.Catastro_Manz,GLOBALID,-1,-1;SHAPE_AREA "SHAPE_AREA" false false true 0 Double 0 0 ,First,#,E:\CargueInformacion\MapasPro.sde\ORDENAMIENTOTERRITORIAL.Catastro\ORDENAMIENTOTERRITORIAL.Catastro_Manz,SHAPE.AREA,-1,-1;SHAPE_LEN "SHAPE_LEN" false false true 0 Double 0 0 ,First,#,E:\CargueInformacion\MapasPro.sde\ORDENAMIENTOTERRITORIAL.Catastro\ORDENAMIENTOTERRITORIAL.Catastro_Manz,SHAPE.LEN,-1,-1;MANCODIGO "Manzana_ID" true true false 9 Text 0 0 ,First,#,E:\CargueInformacion\scratch.gdb\ManzproW,MANMANZ_ID,-1,-1;SECCODIGO "Sector_ID" true true false 6 Text 0 0 ,First,#,E:\CargueInformacion\scratch.gdb\ManzproW,MANSECT_ID,-1,-1" #</Process><Process ToolSource="c:\program files\arcgis\server\ArcToolbox\Toolboxes\Data Management Tools.tbx\TruncateTable" Date="20211128" Time="180542">TruncateTable E:\CargueInformacion\MapasPro.sde\ORDENAMIENTOTERRITORIAL.Catastro\ORDENAMIENTOTERRITORIAL.Catastro_Manz</Process><Process ToolSource="c:\program files\arcgis\server\ArcToolbox\Toolboxes\Data Management Tools.tbx\Append" Date="20211128" Time="180919">Append E:\CargueInformacion\scratch.gdb\ManzproW E:\CargueInformacion\MapasPro.sde\ORDENAMIENTOTERRITORIAL.Catastro\ORDENAMIENTOTERRITORIAL.Catastro_Manz NO_TEST "MANCODIGO "Identificador unico de la manzana" true true false 9 Text 0 0 ,First,#,E:\CargueInformacion\MapasPro.sde\ORDENAMIENTOTERRITORIAL.Catastro\ORDENAMIENTOTERRITORIAL.Catastro_Manz,MANCODIGO,-1,-1;SECCODIGO "Codigo Sector" true true false 6 Text 0 0 ,First,#,E:\CargueInformacion\MapasPro.sde\ORDENAMIENTOTERRITORIAL.Catastro\ORDENAMIENTOTERRITORIAL.Catastro_Manz,SECCODIGO,-1,-1;GLOBALID "GLOBALID" false false false 38 GlobalID 0 0 ,First,#,E:\CargueInformacion\MapasPro.sde\ORDENAMIENTOTERRITORIAL.Catastro\ORDENAMIENTOTERRITORIAL.Catastro_Manz,GLOBALID,-1,-1;SHAPE_AREA "SHAPE_AREA" false false true 0 Double 0 0 ,First,#,E:\CargueInformacion\MapasPro.sde\ORDENAMIENTOTERRITORIAL.Catastro\ORDENAMIENTOTERRITORIAL.Catastro_Manz,SHAPE.AREA,-1,-1;SHAPE_LEN "SHAPE_LEN" false false true 0 Double 0 0 ,First,#,E:\CargueInformacion\MapasPro.sde\ORDENAMIENTOTERRITORIAL.Catastro\ORDENAMIENTOTERRITORIAL.Catastro_Manz,SHAPE.LEN,-1,-1;MANCODIGO "Manzana_ID" true true false 9 Text 0 0 ,First,#,E:\CargueInformacion\scratch.gdb\ManzproW,MANMANZ_ID,-1,-1;SECCODIGO "Sector_ID" true true false 6 Text 0 0 ,First,#,E:\CargueInformacion\scratch.gdb\ManzproW,MANSECT_ID,-1,-1" #</Process><Process ToolSource="c:\program files\arcgis\server\ArcToolbox\Toolboxes\Data Management Tools.tbx\TruncateTable" Date="20211226" Time="180538">TruncateTable E:\CargueInformacion\MapasPro.sde\ORDENAMIENTOTERRITORIAL.Catastro\ORDENAMIENTOTERRITORIAL.Catastro_Manz</Process><Process ToolSource="c:\program files\arcgis\server\ArcToolbox\Toolboxes\Data Management Tools.tbx\Append" Date="20211226" Time="180857">Append E:\CargueInformacion\scratch.gdb\ManzproW E:\CargueInformacion\MapasPro.sde\ORDENAMIENTOTERRITORIAL.Catastro\ORDENAMIENTOTERRITORIAL.Catastro_Manz NO_TEST "MANCODIGO "Identificador unico de la manzana" true true false 9 Text 0 0 ,First,#,E:\CargueInformacion\MapasPro.sde\ORDENAMIENTOTERRITORIAL.Catastro\ORDENAMIENTOTERRITORIAL.Catastro_Manz,MANCODIGO,-1,-1;SECCODIGO "Codigo Sector" true true false 6 Text 0 0 ,First,#,E:\CargueInformacion\MapasPro.sde\ORDENAMIENTOTERRITORIAL.Catastro\ORDENAMIENTOTERRITORIAL.Catastro_Manz,SECCODIGO,-1,-1;GLOBALID "GLOBALID" false false false 38 GlobalID 0 0 ,First,#,E:\CargueInformacion\MapasPro.sde\ORDENAMIENTOTERRITORIAL.Catastro\ORDENAMIENTOTERRITORIAL.Catastro_Manz,GLOBALID,-1,-1;SHAPE_AREA "SHAPE_AREA" false false true 0 Double 0 0 ,First,#,E:\CargueInformacion\MapasPro.sde\ORDENAMIENTOTERRITORIAL.Catastro\ORDENAMIENTOTERRITORIAL.Catastro_Manz,SHAPE.AREA,-1,-1;SHAPE_LEN "SHAPE_LEN" false false true 0 Double 0 0 ,First,#,E:\CargueInformacion\MapasPro.sde\ORDENAMIENTOTERRITORIAL.Catastro\ORDENAMIENTOTERRITORIAL.Catastro_Manz,SHAPE.LEN,-1,-1;MANCODIGO "Manzana_ID" true true false 9 Text 0 0 ,First,#,E:\CargueInformacion\scratch.gdb\ManzproW,MANMANZ_ID,-1,-1;SECCODIGO "Sector_ID" true true false 6 Text 0 0 ,First,#,E:\CargueInformacion\scratch.gdb\ManzproW,MANSECT_ID,-1,-1" #</Process><Process ToolSource="c:\program files\arcgis\server\ArcToolbox\Toolboxes\Data Management Tools.tbx\TruncateTable" Date="20220130" Time="180437">TruncateTable E:\CargueInformacion\MapasPro.sde\ORDENAMIENTOTERRITORIAL.Catastro\ORDENAMIENTOTERRITORIAL.Catastro_Manz</Process><Process ToolSource="c:\program files\arcgis\server\ArcToolbox\Toolboxes\Data Management Tools.tbx\Append" Date="20220130" Time="180746">Append E:\CargueInformacion\scratch.gdb\ManzproW E:\CargueInformacion\MapasPro.sde\ORDENAMIENTOTERRITORIAL.Catastro\ORDENAMIENTOTERRITORIAL.Catastro_Manz NO_TEST "MANCODIGO "Identificador unico de la manzana" true true false 9 Text 0 0 ,First,#,E:\CargueInformacion\MapasPro.sde\ORDENAMIENTOTERRITORIAL.Catastro\ORDENAMIENTOTERRITORIAL.Catastro_Manz,MANCODIGO,-1,-1;SECCODIGO "Codigo Sector" true true false 6 Text 0 0 ,First,#,E:\CargueInformacion\MapasPro.sde\ORDENAMIENTOTERRITORIAL.Catastro\ORDENAMIENTOTERRITORIAL.Catastro_Manz,SECCODIGO,-1,-1;GLOBALID "GLOBALID" false false false 38 GlobalID 0 0 ,First,#,E:\CargueInformacion\MapasPro.sde\ORDENAMIENTOTERRITORIAL.Catastro\ORDENAMIENTOTERRITORIAL.Catastro_Manz,GLOBALID,-1,-1;SHAPE_AREA "SHAPE_AREA" false false true 0 Double 0 0 ,First,#,E:\CargueInformacion\MapasPro.sde\ORDENAMIENTOTERRITORIAL.Catastro\ORDENAMIENTOTERRITORIAL.Catastro_Manz,SHAPE.AREA,-1,-1;SHAPE_LEN "SHAPE_LEN" false false true 0 Double 0 0 ,First,#,E:\CargueInformacion\MapasPro.sde\ORDENAMIENTOTERRITORIAL.Catastro\ORDENAMIENTOTERRITORIAL.Catastro_Manz,SHAPE.LEN,-1,-1;MANCODIGO "Manzana_ID" true true false 9 Text 0 0 ,First,#,E:\CargueInformacion\scratch.gdb\ManzproW,MANMANZ_ID,-1,-1;SECCODIGO "Sector_ID" true true false 6 Text 0 0 ,First,#,E:\CargueInformacion\scratch.gdb\ManzproW,MANSECT_ID,-1,-1" #</Process><Process ToolSource="c:\program files\arcgis\server\ArcToolbox\Toolboxes\Data Management Tools.tbx\TruncateTable" Date="20220306" Time="132807">TruncateTable E:\CargueInformacion\MapasPro.sde\ORDENAMIENTOTERRITORIAL.Catastro\ORDENAMIENTOTERRITORIAL.Catastro_Manz</Process><Process ToolSource="c:\program files\arcgis\server\ArcToolbox\Toolboxes\Data Management Tools.tbx\Append" Date="20220306" Time="133110">Append E:\CargueInformacion\scratch.gdb\ManzproW E:\CargueInformacion\MapasPro.sde\ORDENAMIENTOTERRITORIAL.Catastro\ORDENAMIENTOTERRITORIAL.Catastro_Manz NO_TEST "MANCODIGO "Identificador unico de la manzana" true true false 9 Text 0 0 ,First,#,E:\CargueInformacion\MapasPro.sde\ORDENAMIENTOTERRITORIAL.Catastro\ORDENAMIENTOTERRITORIAL.Catastro_Manz,MANCODIGO,-1,-1;SECCODIGO "Codigo Sector" true true false 6 Text 0 0 ,First,#,E:\CargueInformacion\MapasPro.sde\ORDENAMIENTOTERRITORIAL.Catastro\ORDENAMIENTOTERRITORIAL.Catastro_Manz,SECCODIGO,-1,-1;GLOBALID "GLOBALID" false false false 38 GlobalID 0 0 ,First,#,E:\CargueInformacion\MapasPro.sde\ORDENAMIENTOTERRITORIAL.Catastro\ORDENAMIENTOTERRITORIAL.Catastro_Manz,GLOBALID,-1,-1;SHAPE_AREA "SHAPE_AREA" false false true 0 Double 0 0 ,First,#,E:\CargueInformacion\MapasPro.sde\ORDENAMIENTOTERRITORIAL.Catastro\ORDENAMIENTOTERRITORIAL.Catastro_Manz,SHAPE.AREA,-1,-1;SHAPE_LEN "SHAPE_LEN" false false true 0 Double 0 0 ,First,#,E:\CargueInformacion\MapasPro.sde\ORDENAMIENTOTERRITORIAL.Catastro\ORDENAMIENTOTERRITORIAL.Catastro_Manz,SHAPE.LEN,-1,-1;MANCODIGO "Manzana_ID" true true false 9 Text 0 0 ,First,#,E:\CargueInformacion\scratch.gdb\ManzproW,MANMANZ_ID,-1,-1;SECCODIGO "Sector_ID" true true false 6 Text 0 0 ,First,#,E:\CargueInformacion\scratch.gdb\ManzproW,MANSECT_ID,-1,-1" #</Process><Process ToolSource="c:\program files\arcgis\server\ArcToolbox\Toolboxes\Data Management Tools.tbx\TruncateTable" Date="20220403" Time="073135">TruncateTable E:\CargueInformacion\MapasPro.sde\ORDENAMIENTOTERRITORIAL.Catastro\ORDENAMIENTOTERRITORIAL.Catastro_Manz</Process><Process ToolSource="c:\program files\arcgis\server\ArcToolbox\Toolboxes\Data Management Tools.tbx\Append" Date="20220403" Time="073433">Append E:\CargueInformacion\scratch.gdb\ManzproW E:\CargueInformacion\MapasPro.sde\ORDENAMIENTOTERRITORIAL.Catastro\ORDENAMIENTOTERRITORIAL.Catastro_Manz NO_TEST "MANCODIGO "Identificador unico de la manzana" true true false 9 Text 0 0 ,First,#,E:\CargueInformacion\MapasPro.sde\ORDENAMIENTOTERRITORIAL.Catastro\ORDENAMIENTOTERRITORIAL.Catastro_Manz,MANCODIGO,-1,-1;SECCODIGO "Codigo Sector" true true false 6 Text 0 0 ,First,#,E:\CargueInformacion\MapasPro.sde\ORDENAMIENTOTERRITORIAL.Catastro\ORDENAMIENTOTERRITORIAL.Catastro_Manz,SECCODIGO,-1,-1;GLOBALID "GLOBALID" false false false 38 GlobalID 0 0 ,First,#,E:\CargueInformacion\MapasPro.sde\ORDENAMIENTOTERRITORIAL.Catastro\ORDENAMIENTOTERRITORIAL.Catastro_Manz,GLOBALID,-1,-1;SHAPE_AREA "SHAPE_AREA" false false true 0 Double 0 0 ,First,#,E:\CargueInformacion\MapasPro.sde\ORDENAMIENTOTERRITORIAL.Catastro\ORDENAMIENTOTERRITORIAL.Catastro_Manz,SHAPE.AREA,-1,-1;SHAPE_LEN "SHAPE_LEN" false false true 0 Double 0 0 ,First,#,E:\CargueInformacion\MapasPro.sde\ORDENAMIENTOTERRITORIAL.Catastro\ORDENAMIENTOTERRITORIAL.Catastro_Manz,SHAPE.LEN,-1,-1;MANCODIGO "Manzana_ID" true true false 9 Text 0 0 ,First,#,E:\CargueInformacion\scratch.gdb\ManzproW,MANMANZ_ID,-1,-1;SECCODIGO "Sector_ID" true true false 6 Text 0 0 ,First,#,E:\CargueInformacion\scratch.gdb\ManzproW,MANSECT_ID,-1,-1" #</Process><Process ToolSource="c:\program files\arcgis\server\ArcToolbox\Toolboxes\Data Management Tools.tbx\TruncateTable" Date="20220424" Time="054447">TruncateTable E:\CargueInformacion\MapasPro.sde\ORDENAMIENTOTERRITORIAL.Catastro\ORDENAMIENTOTERRITORIAL.Catastro_Manz</Process><Process ToolSource="c:\program files\arcgis\server\ArcToolbox\Toolboxes\Data Management Tools.tbx\Append" Date="20220424" Time="054742">Append E:\CargueInformacion\scratch.gdb\ManzproW E:\CargueInformacion\MapasPro.sde\ORDENAMIENTOTERRITORIAL.Catastro\ORDENAMIENTOTERRITORIAL.Catastro_Manz NO_TEST "MANCODIGO "Identificador unico de la manzana" true true false 9 Text 0 0 ,First,#,E:\CargueInformacion\MapasPro.sde\ORDENAMIENTOTERRITORIAL.Catastro\ORDENAMIENTOTERRITORIAL.Catastro_Manz,MANCODIGO,-1,-1;SECCODIGO "Codigo Sector" true true false 6 Text 0 0 ,First,#,E:\CargueInformacion\MapasPro.sde\ORDENAMIENTOTERRITORIAL.Catastro\ORDENAMIENTOTERRITORIAL.Catastro_Manz,SECCODIGO,-1,-1;GLOBALID "GLOBALID" false false false 38 GlobalID 0 0 ,First,#,E:\CargueInformacion\MapasPro.sde\ORDENAMIENTOTERRITORIAL.Catastro\ORDENAMIENTOTERRITORIAL.Catastro_Manz,GLOBALID,-1,-1;SHAPE_AREA "SHAPE_AREA" false false true 0 Double 0 0 ,First,#,E:\CargueInformacion\MapasPro.sde\ORDENAMIENTOTERRITORIAL.Catastro\ORDENAMIENTOTERRITORIAL.Catastro_Manz,SHAPE.AREA,-1,-1;SHAPE_LEN "SHAPE_LEN" false false true 0 Double 0 0 ,First,#,E:\CargueInformacion\MapasPro.sde\ORDENAMIENTOTERRITORIAL.Catastro\ORDENAMIENTOTERRITORIAL.Catastro_Manz,SHAPE.LEN,-1,-1;MANCODIGO "Manzana_ID" true true false 9 Text 0 0 ,First,#,E:\CargueInformacion\scratch.gdb\ManzproW,MANMANZ_ID,-1,-1;SECCODIGO "Sector_ID" true true false 6 Text 0 0 ,First,#,E:\CargueInformacion\scratch.gdb\ManzproW,MANSECT_ID,-1,-1" #</Process><Process ToolSource="c:\program files\arcgis\server\ArcToolbox\Toolboxes\Data Management Tools.tbx\TruncateTable" Date="20220508" Time="054142">TruncateTable E:\CargueInformacion\MapasPro.sde\ORDENAMIENTOTERRITORIAL.Catastro\ORDENAMIENTOTERRITORIAL.Catastro_Manz</Process><Process ToolSource="c:\program files\arcgis\server\ArcToolbox\Toolboxes\Data Management Tools.tbx\Append" Date="20220508" Time="054438">Append E:\CargueInformacion\scratch.gdb\ManzproW E:\CargueInformacion\MapasPro.sde\ORDENAMIENTOTERRITORIAL.Catastro\ORDENAMIENTOTERRITORIAL.Catastro_Manz NO_TEST "MANCODIGO "Identificador unico de la manzana" true true false 9 Text 0 0 ,First,#,E:\CargueInformacion\MapasPro.sde\ORDENAMIENTOTERRITORIAL.Catastro\ORDENAMIENTOTERRITORIAL.Catastro_Manz,MANCODIGO,-1,-1;SECCODIGO "Codigo Sector" true true false 6 Text 0 0 ,First,#,E:\CargueInformacion\MapasPro.sde\ORDENAMIENTOTERRITORIAL.Catastro\ORDENAMIENTOTERRITORIAL.Catastro_Manz,SECCODIGO,-1,-1;GLOBALID "GLOBALID" false false false 38 GlobalID 0 0 ,First,#,E:\CargueInformacion\MapasPro.sde\ORDENAMIENTOTERRITORIAL.Catastro\ORDENAMIENTOTERRITORIAL.Catastro_Manz,GLOBALID,-1,-1;SHAPE_AREA "SHAPE_AREA" false false true 0 Double 0 0 ,First,#,E:\CargueInformacion\MapasPro.sde\ORDENAMIENTOTERRITORIAL.Catastro\ORDENAMIENTOTERRITORIAL.Catastro_Manz,SHAPE.AREA,-1,-1;SHAPE_LEN "SHAPE_LEN" false false true 0 Double 0 0 ,First,#,E:\CargueInformacion\MapasPro.sde\ORDENAMIENTOTERRITORIAL.Catastro\ORDENAMIENTOTERRITORIAL.Catastro_Manz,SHAPE.LEN,-1,-1;MANCODIGO "Manzana_ID" true true false 9 Text 0 0 ,First,#,E:\CargueInformacion\scratch.gdb\ManzproW,MANMANZ_ID,-1,-1;SECCODIGO "Sector_ID" true true false 6 Text 0 0 ,First,#,E:\CargueInformacion\scratch.gdb\ManzproW,MANSECT_ID,-1,-1" #</Process><Process ToolSource="c:\program files\arcgis\server\ArcToolbox\Toolboxes\Data Management Tools.tbx\TruncateTable" Date="20220529" Time="060653">TruncateTable E:\CargueInformacion\MapasPro.sde\ORDENAMIENTOTERRITORIAL.Catastro\ORDENAMIENTOTERRITORIAL.Catastro_Manz</Process><Process ToolSource="c:\program files\arcgis\server\ArcToolbox\Toolboxes\Data Management Tools.tbx\Append" Date="20220529" Time="060941">Append E:\CargueInformacion\scratch.gdb\ManzproW E:\CargueInformacion\MapasPro.sde\ORDENAMIENTOTERRITORIAL.Catastro\ORDENAMIENTOTERRITORIAL.Catastro_Manz NO_TEST "MANCODIGO "Identificador unico de la manzana" true true false 9 Text 0 0 ,First,#,E:\CargueInformacion\MapasPro.sde\ORDENAMIENTOTERRITORIAL.Catastro\ORDENAMIENTOTERRITORIAL.Catastro_Manz,MANCODIGO,-1,-1;SECCODIGO "Codigo Sector" true true false 6 Text 0 0 ,First,#,E:\CargueInformacion\MapasPro.sde\ORDENAMIENTOTERRITORIAL.Catastro\ORDENAMIENTOTERRITORIAL.Catastro_Manz,SECCODIGO,-1,-1;GLOBALID "GLOBALID" false false false 38 GlobalID 0 0 ,First,#,E:\CargueInformacion\MapasPro.sde\ORDENAMIENTOTERRITORIAL.Catastro\ORDENAMIENTOTERRITORIAL.Catastro_Manz,GLOBALID,-1,-1;SHAPE_AREA "SHAPE_AREA" false false true 0 Double 0 0 ,First,#,E:\CargueInformacion\MapasPro.sde\ORDENAMIENTOTERRITORIAL.Catastro\ORDENAMIENTOTERRITORIAL.Catastro_Manz,SHAPE.AREA,-1,-1;SHAPE_LEN "SHAPE_LEN" false false true 0 Double 0 0 ,First,#,E:\CargueInformacion\MapasPro.sde\ORDENAMIENTOTERRITORIAL.Catastro\ORDENAMIENTOTERRITORIAL.Catastro_Manz,SHAPE.LEN,-1,-1;MANCODIGO "Manzana_ID" true true false 9 Text 0 0 ,First,#,E:\CargueInformacion\scratch.gdb\ManzproW,MANMANZ_ID,-1,-1;SECCODIGO "Sector_ID" true true false 6 Text 0 0 ,First,#,E:\CargueInformacion\scratch.gdb\ManzproW,MANSECT_ID,-1,-1" #</Process><Process ToolSource="c:\program files\arcgis\server\ArcToolbox\Toolboxes\Data Management Tools.tbx\TruncateTable" Date="20220626" Time="054229">TruncateTable E:\CargueInformacion\MapasPro.sde\ORDENAMIENTOTERRITORIAL.Catastro\ORDENAMIENTOTERRITORIAL.Catastro_Manz</Process><Process ToolSource="c:\program files\arcgis\server\ArcToolbox\Toolboxes\Data Management Tools.tbx\Append" Date="20220626" Time="054542">Append E:\CargueInformacion\scratch.gdb\ManzproW E:\CargueInformacion\MapasPro.sde\ORDENAMIENTOTERRITORIAL.Catastro\ORDENAMIENTOTERRITORIAL.Catastro_Manz NO_TEST "MANCODIGO "Identificador unico de la manzana" true true false 9 Text 0 0 ,First,#,E:\CargueInformacion\MapasPro.sde\ORDENAMIENTOTERRITORIAL.Catastro\ORDENAMIENTOTERRITORIAL.Catastro_Manz,MANCODIGO,-1,-1;SECCODIGO "Codigo Sector" true true false 6 Text 0 0 ,First,#,E:\CargueInformacion\MapasPro.sde\ORDENAMIENTOTERRITORIAL.Catastro\ORDENAMIENTOTERRITORIAL.Catastro_Manz,SECCODIGO,-1,-1;GLOBALID "GLOBALID" false false false 38 GlobalID 0 0 ,First,#,E:\CargueInformacion\MapasPro.sde\ORDENAMIENTOTERRITORIAL.Catastro\ORDENAMIENTOTERRITORIAL.Catastro_Manz,GLOBALID,-1,-1;SHAPE_AREA "SHAPE_AREA" false false true 0 Double 0 0 ,First,#,E:\CargueInformacion\MapasPro.sde\ORDENAMIENTOTERRITORIAL.Catastro\ORDENAMIENTOTERRITORIAL.Catastro_Manz,SHAPE.AREA,-1,-1;SHAPE_LEN "SHAPE_LEN" false false true 0 Double 0 0 ,First,#,E:\CargueInformacion\MapasPro.sde\ORDENAMIENTOTERRITORIAL.Catastro\ORDENAMIENTOTERRITORIAL.Catastro_Manz,SHAPE.LEN,-1,-1;MANCODIGO "Manzana_ID" true true false 9 Text 0 0 ,First,#,E:\CargueInformacion\scratch.gdb\ManzproW,MANMANZ_ID,-1,-1;SECCODIGO "Sector_ID" true true false 6 Text 0 0 ,First,#,E:\CargueInformacion\scratch.gdb\ManzproW,MANSECT_ID,-1,-1" #</Process><Process ToolSource="c:\program files (x86)\arcgis\desktop10.6\ArcToolbox\Toolboxes\Conversion Tools.tbx\FeatureClassToFeatureClass" Date="20220706" Time="083651">FeatureClassToFeatureClass "D:\folopez\VALIDACION\REPORTES MENSUALES DE CALIDAD\MR_0622\MR_0622.gdb\Area_catastral\Catastro_Manz" "D:\folopez\VALIDACION\REPORTES MENSUALES DE CALIDAD\MR_0622\OTROS FORMATOS\MANZ\SHP" MANZ.shp # "MANCODIGO "Identificador unico de la manzana" true true false 9 Text 0 0 ,First,#,D:\folopez\VALIDACION\REPORTES MENSUALES DE CALIDAD\MR_0622\MR_0622.gdb\Area_catastral\Catastro_Manz,MANCODIGO,-1,-1;SECCODIGO "Codigo Sector" true true false 6 Text 0 0 ,First,#,D:\folopez\VALIDACION\REPORTES MENSUALES DE CALIDAD\MR_0622\MR_0622.gdb\Area_catastral\Catastro_Manz,SECCODIGO,-1,-1;SHAPE_Leng "SHAPE_Leng" false true true 8 Double 0 0 ,First,#,D:\folopez\VALIDACION\REPORTES MENSUALES DE CALIDAD\MR_0622\MR_0622.gdb\Area_catastral\Catastro_Manz,SHAPE_Length,-1,-1;SHAPE_Area "SHAPE_Area" false true true 8 Double 0 0 ,First,#,D:\folopez\VALIDACION\REPORTES MENSUALES DE CALIDAD\MR_0622\MR_0622.gdb\Area_catastral\Catastro_Manz,SHAPE_Area,-1,-1" #</Process></lineage><itemProps><itemLocation><linkage Sync="TRUE">file://\\SIEM7108EXE\D$\folopez\VALIDACION\REPORTES MENSUALES DE CALIDAD\MR_0622\OTROS FORMATOS\MANZ\SHP\MANZ.shp</linkage><protocol Sync="TRUE">Local Area Network</protocol></itemLocation><itemName Sync="TRUE">MANZ</itemName><imsContentType Sync="TRUE">002</imsContentType><itemSize Sync="TRUE">0.000</itemSize></itemProps><coordRef><type Sync="TRUE">Geographic</type><geogcsn Sync="TRUE">GCS_MAGNA</geogcsn><csUnits Sync="TRUE">Angular Unit: Degree (0.017453)</csUnits><peXml Sync="TRUE">&lt;GeographicCoordinateSystem xsi:type='typens:GeographicCoordinateSystem' xmlns:xsi='http://www.w3.org/2001/XMLSchema-instance' xmlns:xs='http://www.w3.org/2001/XMLSchema' xmlns:typens='http://www.esri.com/schemas/ArcGIS/10.6'&gt;&lt;WKT&gt;GEOGCS[&amp;quot;GCS_MAGNA&amp;quot;,DATUM[&amp;quot;D_MAGNA&amp;quot;,SPHEROID[&amp;quot;GRS_1980&amp;quot;,6378137.0,298.257222101]],PRIMEM[&amp;quot;Greenwich&amp;quot;,0.0],UNIT[&amp;quot;Degree&amp;quot;,0.0174532925199433],AUTHORITY[&amp;quot;EPSG&amp;quot;,4686]]&lt;/WKT&gt;&lt;XOrigin&gt;-399.99999999999989&lt;/XOrigin&gt;&lt;YOrigin&gt;-399.99999999999989&lt;/YOrigin&gt;&lt;XYScale&gt;11258999068426.24&lt;/XYScale&gt;&lt;ZOrigin&gt;-100000&lt;/ZOrigin&gt;&lt;ZScale&gt;10000&lt;/ZScale&gt;&lt;MOrigin&gt;-100000&lt;/MOrigin&gt;&lt;MScale&gt;10000&lt;/MScale&gt;&lt;XYTolerance&gt;8.9831528411952117e-09&lt;/XYTolerance&gt;&lt;ZTolerance&gt;0.001&lt;/ZTolerance&gt;&lt;MTolerance&gt;0.001&lt;/MTolerance&gt;&lt;HighPrecision&gt;true&lt;/HighPrecision&gt;&lt;LeftLongitude&gt;-180&lt;/LeftLongitude&gt;&lt;WKID&gt;4686&lt;/WKID&gt;&lt;LatestWKID&gt;4686&lt;/LatestWKID&gt;&lt;/GeographicCoordinateSystem&gt;</peXml></coordRef></DataProperties><SyncDate>20220706</SyncDate><SyncTime>08362900</SyncTime><ModDate>20220706</ModDate><ModTime>08362900</ModTime></Esri><dataIdInfo><envirDesc Sync="TRUE"> Version 6.2 (Build 9200) ; Esri ArcGIS 10.6.1.9270</envirDesc><dataLang><languageCode value="spa" Sync="TRUE"></languageCode><countryCode value="COL" Sync="TRUE"></countryCode></dataLang><idCitation><resTitle Sync="TRUE">MANZ</resTitle><presForm><PresFormCd value="005" Sync="TRUE"></PresFormCd></presForm></idCitation><spatRpType><SpatRepTypCd value="001" Sync="TRUE"></SpatRepTypCd></spatRpType></dataIdInfo><mdLang><languageCode value="spa" Sync="TRUE"></languageCode><countryCode value="COL" Sync="TRUE"></countryCode></mdLang><distInfo><distFormat><formatName Sync="TRUE">Shapefile</formatName></distFormat><distTranOps><transSize Sync="TRUE">0.000</transSize></distTranOps></distInfo><mdHrLv><ScopeCd value="005" Sync="TRUE"></ScopeCd></mdHrLv><mdHrLvName Sync="TRUE">dataset</mdHrLvName><refSysInfo><RefSystem><refSysID><identCode code="4686" Sync="TRUE"></identCode><idCodeSpace Sync="TRUE">EPSG</idCodeSpace><idVersion Sync="TRUE">7.6.4(9.2.0)</idVersion></refSysID></RefSystem></refSysInfo><spatRepInfo><VectSpatRep><geometObjs Name="MANZ"><geoObjTyp><GeoObjTypCd value="002" Sync="TRUE"></GeoObjTypCd></geoObjTyp><geoObjCnt Sync="TRUE">0</geoObjCnt></geometObjs><topLvl><TopoLevCd value="001" Sync="TRUE"></TopoLevCd></topLvl></VectSpatRep></spatRepInfo><spdoinfo><ptvctinf><esriterm Name="MANZ"><efeatyp Sync="TRUE">Simple</efeatyp><efeageom code="4" Sync="TRUE"></efeageom><esritopo Sync="TRUE">FALSE</esritopo><efeacnt Sync="TRUE">0</efeacnt><spindex Sync="TRUE">FALSE</spindex><linrefer Sync="TRUE">FALSE</linrefer></esriterm></ptvctinf></spdoinfo><eainfo><detailed Name="MANZ"><enttyp><enttypl Sync="TRUE">MANZ</enttypl><enttypt Sync="TRUE">Feature Class</enttypt><enttypc Sync="TRUE">0</enttypc></enttyp><attr><attrlabl Sync="TRUE">FID</attrlabl><attalias Sync="TRUE">FID</attalias><attrtype Sync="TRUE">OID</attrtype><attwidth Sync="TRUE">4</attwidth><atprecis Sync="TRUE">0</atprecis><attscale Sync="TRUE">0</attscale><attrdef Sync="TRUE">Internal feature number.</attrdef><attrdefs Sync="TRUE">Esri</attrdefs><attrdomv><udom Sync="TRUE">Sequential unique whole numbers that are automatically generated.</udom></attrdomv></attr><attr><attrlabl Sync="TRUE">SHAPE</attrlabl><attalias Sync="TRUE">Shape</attalias><attrtype Sync="TRUE">Geometry</attrtype><attwidth Sync="TRUE">0</attwidth><atprecis Sync="TRUE">0</atprecis><attscale Sync="TRUE">0</attscale><attrdef Sync="TRUE">Feature geometry.</attrdef><attrdefs Sync="TRUE">Esri</attrdefs><attrdomv><udom Sync="TRUE">Coordinates defining the features.</udom></attrdomv></attr><attr><attrlabl Sync="TRUE">MANCODIGO</attrlabl><attalias Sync="TRUE">MANCODIGO</attalias><attrtype Sync="TRUE">String</attrtype><attwidth Sync="TRUE">9</attwidth><atprecis Sync="TRUE">0</atprecis><attscale Sync="TRUE">0</attscale></attr><attr><attrlabl Sync="TRUE">SECCODIGO</attrlabl><attalias Sync="TRUE">SECCODIGO</attalias><attrtype Sync="TRUE">String</attrtype><attwidth Sync="TRUE">6</attwidth><atprecis Sync="TRUE">0</atprecis><attscale Sync="TRUE">0</attscale></attr><attr><attrlabl Sync="TRUE">SHAPE_Leng</attrlabl><attalias Sync="TRUE">SHAPE_Leng</attalias><attrtype Sync="TRUE">Double</attrtype><attwidth Sync="TRUE">19</attwidth><atprecis Sync="TRUE">0</atprecis><attscale Sync="TRUE">0</attscale></attr><attr><attrlabl Sync="TRUE">SHAPE_Area</attrlabl><attalias Sync="TRUE">SHAPE_Area</attalias><attrtype Sync="TRUE">Double</attrtype><attwidth Sync="TRUE">19</attwidth><atprecis Sync="TRUE">0</atprecis><attscale Sync="TRUE">0</attscale><attrdef Sync="TRUE">Area of feature in internal units squared.</attrdef><attrdefs Sync="TRUE">Esri</attrdefs><attrdomv><udom Sync="TRUE">Positive real numbers that are automatically generated.</udom></attrdomv></attr></detailed></eainfo><mdDateSt Sync="TRUE">20220706</mdDateSt></metadata>
